Entity,Year,Caloric Coefficient Variation (CV) (FAO Food Security Indicators (2017))
Afghanistan,1990,0.33
Afghanistan,1991,0.33
Afghanistan,1992,0.33
Afghanistan,1993,0.33
Afghanistan,1994,0.33
Afghanistan,1995,0.33
Afghanistan,1996,0.33
Afghanistan,1997,0.33
Afghanistan,1998,0.33
Afghanistan,1999,0.33
Afghanistan,2000,0.32
Afghanistan,2001,0.31
Afghanistan,2002,0.3
Afghanistan,2003,0.29
Afghanistan,2004,0.28
Afghanistan,2005,0.27
Afghanistan,2006,0.26
Afghanistan,2007,0.25
Afghanistan,2008,0.25
Afghanistan,2009,0.25
Afghanistan,2010,0.25
Afghanistan,2011,0.25
Afghanistan,2012,0.25
Afghanistan,2013,0.25
Afghanistan,2014,0.25
Algeria,1990,0.28
Algeria,1991,0.28
Algeria,1992,0.28
Algeria,1993,0.28
Algeria,1994,0.28
Algeria,1995,0.28
Algeria,1996,0.28
Algeria,1997,0.28
Algeria,1998,0.28
Algeria,1999,0.28
Algeria,2000,0.27
Algeria,2001,0.27
Algeria,2002,0.28
Algeria,2003,0.28
Algeria,2004,0.28
Algeria,2005,0.28
Algeria,2006,0.28
Algeria,2007,0.28
Algeria,2008,0.28
Algeria,2009,0.28
Algeria,2010,0.28
Algeria,2011,0.28
Algeria,2012,0.28
Algeria,2013,0.28
Algeria,2014,0.28
Angola,1990,0.31
Angola,1991,0.31
Angola,1992,0.31
Angola,1993,0.31
Angola,1994,0.31
Angola,1995,0.31
Angola,1996,0.31
Angola,1997,0.31
Angola,1998,0.31
Angola,1999,0.31
Angola,2000,0.3
Angola,2001,0.3
Angola,2002,0.3
Angola,2003,0.3
Angola,2004,0.3
Angola,2005,0.3
Angola,2006,0.3
Angola,2007,0.3
Angola,2008,0.3
Angola,2009,0.3
Angola,2010,0.3
Angola,2011,0.3
Angola,2012,0.3
Angola,2013,0.3
Angola,2014,0.3
Argentina,1990,0.21
Argentina,1991,0.21
Argentina,1992,0.21
Argentina,1993,0.21
Argentina,1994,0.21
Argentina,1995,0.21
Argentina,1996,0.21
Argentina,1997,0.21
Argentina,1998,0.21
Argentina,1999,0.21
Argentina,2000,0.21
Argentina,2001,0.21
Argentina,2002,0.21
Argentina,2003,0.21
Argentina,2004,0.21
Argentina,2005,0.21
Argentina,2006,0.21
Argentina,2007,0.21
Argentina,2008,0.21
Argentina,2009,0.21
Argentina,2010,0.21
Argentina,2011,0.21
Argentina,2012,0.21
Argentina,2013,0.21
Argentina,2014,0.21
Armenia,1992,0.21
Armenia,1993,0.21
Armenia,1994,0.21
Armenia,1995,0.21
Armenia,1996,0.21
Armenia,1997,0.21
Armenia,1998,0.21
Armenia,1999,0.21
Armenia,2000,0.21
Armenia,2001,0.21
Armenia,2002,0.21
Armenia,2003,0.21
Armenia,2004,0.21
Armenia,2005,0.21
Armenia,2006,0.22
Armenia,2007,0.22
Armenia,2008,0.22
Armenia,2009,0.23
Armenia,2010,0.23
Armenia,2011,0.24
Armenia,2012,0.24
Armenia,2013,0.24
Armenia,2014,0.24
Azerbaijan,1992,0.22
Azerbaijan,1993,0.22
Azerbaijan,1994,0.22
Azerbaijan,1995,0.22
Azerbaijan,1996,0.22
Azerbaijan,1997,0.22
Azerbaijan,1998,0.22
Azerbaijan,1999,0.22
Azerbaijan,2000,0.22
Azerbaijan,2001,0.22
Azerbaijan,2002,0.22
Azerbaijan,2003,0.22
Azerbaijan,2004,0.22
Azerbaijan,2005,0.22
Azerbaijan,2006,0.22
Azerbaijan,2007,0.22
Azerbaijan,2008,0.21
Azerbaijan,2009,0.21
Azerbaijan,2010,0.21
Azerbaijan,2011,0.21
Azerbaijan,2012,0.21
Azerbaijan,2013,0.21
Azerbaijan,2014,0.21
Bangladesh,1990,0.32
Bangladesh,1991,0.32
Bangladesh,1992,0.32
Bangladesh,1993,0.32
Bangladesh,1994,0.31
Bangladesh,1995,0.3
Bangladesh,1996,0.3
Bangladesh,1997,0.29
Bangladesh,1998,0.28
Bangladesh,1999,0.27
Bangladesh,2000,0.26
Bangladesh,2001,0.26
Bangladesh,2002,0.26
Bangladesh,2003,0.26
Bangladesh,2004,0.25
Bangladesh,2005,0.25
Bangladesh,2006,0.26
Bangladesh,2007,0.26
Bangladesh,2008,0.26
Bangladesh,2009,0.26
Bangladesh,2010,0.26
Bangladesh,2011,0.26
Bangladesh,2012,0.26
Bangladesh,2013,0.26
Bangladesh,2014,0.26
Barbados,1990,0.21
Barbados,1991,0.21
Barbados,1992,0.21
Barbados,1993,0.21
Barbados,1994,0.21
Barbados,1995,0.21
Barbados,1996,0.21
Barbados,1997,0.21
Barbados,1998,0.21
Barbados,1999,0.21
Barbados,2000,0.21
Barbados,2001,0.22
Barbados,2002,0.22
Barbados,2003,0.22
Barbados,2004,0.22
Barbados,2005,0.22
Barbados,2006,0.22
Barbados,2007,0.22
Barbados,2008,0.22
Barbados,2009,0.22
Barbados,2010,0.22
Barbados,2011,0.22
Barbados,2012,0.22
Barbados,2013,0.22
Barbados,2014,0.22
Belize,1990,0.25
Belize,1991,0.25
Belize,1992,0.25
Belize,1993,0.25
Belize,1994,0.25
Belize,1995,0.25
Belize,1996,0.25
Belize,1997,0.25
Belize,1998,0.25
Belize,1999,0.25
Belize,2000,0.24
Belize,2001,0.24
Belize,2002,0.24
Belize,2003,0.24
Belize,2004,0.24
Belize,2005,0.25
Belize,2006,0.25
Belize,2007,0.25
Belize,2008,0.25
Belize,2009,0.25
Belize,2010,0.25
Belize,2011,0.25
Belize,2012,0.25
Belize,2013,0.25
Belize,2014,0.25
Benin,1990,0.29
Benin,1991,0.29
Benin,1992,0.29
Benin,1993,0.29
Benin,1994,0.29
Benin,1995,0.29
Benin,1996,0.29
Benin,1997,0.29
Benin,1998,0.29
Benin,1999,0.29
Benin,2000,0.28
Benin,2001,0.28
Benin,2002,0.28
Benin,2003,0.28
Benin,2004,0.28
Benin,2005,0.28
Benin,2006,0.28
Benin,2007,0.28
Benin,2008,0.28
Benin,2009,0.28
Benin,2010,0.28
Benin,2011,0.28
Benin,2012,0.28
Benin,2013,0.28
Benin,2014,0.28
Bolivia,1990,0.26
Bolivia,1991,0.26
Bolivia,1992,0.26
Bolivia,1993,0.26
Bolivia,1994,0.26
Bolivia,1995,0.26
Bolivia,1996,0.26
Bolivia,1997,0.26
Bolivia,1998,0.26
Bolivia,1999,0.26
Bolivia,2000,0.25
Bolivia,2001,0.24
Bolivia,2002,0.25
Bolivia,2003,0.24
Bolivia,2004,0.24
Bolivia,2005,0.24
Bolivia,2006,0.24
Bolivia,2007,0.23
Bolivia,2008,0.24
Bolivia,2009,0.24
Bolivia,2010,0.24
Bolivia,2011,0.23
Bolivia,2012,0.23
Bolivia,2013,0.23
Bolivia,2014,0.23
Botswana,1990,0.25
Botswana,1991,0.25
Botswana,1992,0.25
Botswana,1993,0.25
Botswana,1994,0.25
Botswana,1995,0.25
Botswana,1996,0.25
Botswana,1997,0.25
Botswana,1998,0.25
Botswana,1999,0.25
Botswana,2000,0.24
Botswana,2001,0.24
Botswana,2002,0.24
Botswana,2003,0.24
Botswana,2004,0.24
Botswana,2005,0.24
Botswana,2006,0.24
Botswana,2007,0.24
Botswana,2008,0.24
Botswana,2009,0.24
Botswana,2010,0.25
Botswana,2011,0.25
Botswana,2012,0.25
Botswana,2013,0.25
Botswana,2014,0.25
Brazil,1990,0.31
Brazil,1991,0.31
Brazil,1992,0.31
Brazil,1993,0.31
Brazil,1994,0.31
Brazil,1995,0.31
Brazil,1996,0.31
Brazil,1997,0.31
Brazil,1998,0.31
Brazil,1999,0.31
Brazil,2000,0.31
Brazil,2001,0.3
Brazil,2002,0.29
Brazil,2003,0.28
Brazil,2004,0.27
Brazil,2005,0.26
Brazil,2006,0.25
Brazil,2007,0.24
Brazil,2008,0.23
Brazil,2009,0.23
Brazil,2010,0.23
Brazil,2011,0.23
Brazil,2012,0.23
Brazil,2013,0.23
Brazil,2014,0.23
Brunei,1990,0.21
Brunei,1991,0.21
Brunei,1992,0.21
Brunei,1993,0.21
Brunei,1994,0.21
Brunei,1995,0.21
Brunei,1996,0.21
Brunei,1997,0.21
Brunei,1998,0.21
Brunei,1999,0.21
Brunei,2000,0.21
Brunei,2001,0.21
Brunei,2002,0.21
Brunei,2003,0.21
Brunei,2004,0.21
Brunei,2005,0.21
Brunei,2006,0.21
Brunei,2007,0.21
Brunei,2008,0.21
Brunei,2009,0.21
Brunei,2010,0.21
Brunei,2011,0.21
Brunei,2012,0.21
Brunei,2013,0.21
Brunei,2014,0.21
Burkina Faso,1990,0.29
Burkina Faso,1991,0.29
Burkina Faso,1992,0.29
Burkina Faso,1993,0.29
Burkina Faso,1994,0.29
Burkina Faso,1995,0.29
Burkina Faso,1996,0.29
Burkina Faso,1997,0.29
Burkina Faso,1998,0.31
Burkina Faso,1999,0.33
Burkina Faso,2000,0.34
Burkina Faso,2001,0.36
Burkina Faso,2002,0.38
Burkina Faso,2003,0.4
Burkina Faso,2004,0.4
Burkina Faso,2005,0.4
Burkina Faso,2006,0.4
Burkina Faso,2007,0.41
Burkina Faso,2008,0.41
Burkina Faso,2009,0.41
Burkina Faso,2010,0.41
Burkina Faso,2011,0.41
Burkina Faso,2012,0.41
Burkina Faso,2013,0.41
Burkina Faso,2014,0.41
Cabo Verde,1990,0.25
Cabo Verde,1991,0.25
Cabo Verde,1992,0.25
Cabo Verde,1993,0.25
Cabo Verde,1994,0.25
Cabo Verde,1995,0.25
Cabo Verde,1996,0.25
Cabo Verde,1997,0.25
Cabo Verde,1998,0.25
Cabo Verde,1999,0.25
Cabo Verde,2000,0.24
Cabo Verde,2001,0.24
Cabo Verde,2002,0.24
Cabo Verde,2003,0.24
Cabo Verde,2004,0.24
Cabo Verde,2005,0.25
Cabo Verde,2006,0.25
Cabo Verde,2007,0.25
Cabo Verde,2008,0.25
Cabo Verde,2009,0.25
Cabo Verde,2010,0.25
Cabo Verde,2011,0.25
Cabo Verde,2012,0.25
Cabo Verde,2013,0.25
Cabo Verde,2014,0.25
Cambodia,1990,0.28
Cambodia,1991,0.28
Cambodia,1992,0.28
Cambodia,1993,0.28
Cambodia,1994,0.28
Cambodia,1995,0.28
Cambodia,1996,0.28
Cambodia,1997,0.28
Cambodia,1998,0.28
Cambodia,1999,0.28
Cambodia,2000,0.27
Cambodia,2001,0.27
Cambodia,2002,0.28
Cambodia,2003,0.28
Cambodia,2004,0.28
Cambodia,2005,0.27
Cambodia,2006,0.27
Cambodia,2007,0.27
Cambodia,2008,0.27
Cambodia,2009,0.27
Cambodia,2010,0.27
Cambodia,2011,0.27
Cambodia,2012,0.27
Cambodia,2013,0.27
Cambodia,2014,0.27
Cameroon,1990,0.26
Cameroon,1991,0.26
Cameroon,1992,0.26
Cameroon,1993,0.26
Cameroon,1994,0.26
Cameroon,1995,0.26
Cameroon,1996,0.26
Cameroon,1997,0.26
Cameroon,1998,0.26
Cameroon,1999,0.26
Cameroon,2000,0.25
Cameroon,2001,0.25
Cameroon,2002,0.25
Cameroon,2003,0.25
Cameroon,2004,0.25
Cameroon,2005,0.25
Cameroon,2006,0.25
Cameroon,2007,0.25
Cameroon,2008,0.25
Cameroon,2009,0.25
Cameroon,2010,0.25
Cameroon,2011,0.25
Cameroon,2012,0.25
Cameroon,2013,0.25
Cameroon,2014,0.25
Central African Republic,1990,0.29
Central African Republic,1991,0.29
Central African Republic,1992,0.29
Central African Republic,1993,0.29
Central African Republic,1994,0.29
Central African Republic,1995,0.29
Central African Republic,1996,0.29
Central African Republic,1997,0.29
Central African Republic,1998,0.29
Central African Republic,1999,0.29
Central African Republic,2000,0.28
Central African Republic,2001,0.28
Central African Republic,2002,0.28
Central African Republic,2003,0.28
Central African Republic,2004,0.29
Central African Republic,2005,0.29
Central African Republic,2006,0.29
Central African Republic,2007,0.29
Central African Republic,2008,0.3
Central African Republic,2009,0.3
Central African Republic,2010,0.3
Central African Republic,2011,0.3
Central African Republic,2012,0.3
Central African Republic,2013,0.3
Central African Republic,2014,0.3
Chad,1990,0.31
Chad,1991,0.31
Chad,1992,0.31
Chad,1993,0.31
Chad,1994,0.31
Chad,1995,0.31
Chad,1996,0.31
Chad,1997,0.31
Chad,1998,0.31
Chad,1999,0.31
Chad,2000,0.29
Chad,2001,0.3
Chad,2002,0.31
Chad,2003,0.32
Chad,2004,0.32
Chad,2005,0.33
Chad,2006,0.34
Chad,2007,0.34
Chad,2008,0.35
Chad,2009,0.36
Chad,2010,0.36
Chad,2011,0.36
Chad,2012,0.36
Chad,2013,0.36
Chad,2014,0.36
Chile,1990,0.21
Chile,1991,0.21
Chile,1992,0.21
Chile,1993,0.21
Chile,1994,0.21
Chile,1995,0.21
Chile,1996,0.21
Chile,1997,0.21
Chile,1998,0.21
Chile,1999,0.21
Chile,2000,0.22
Chile,2001,0.22
Chile,2002,0.22
Chile,2003,0.22
Chile,2004,0.22
Chile,2005,0.22
Chile,2006,0.22
Chile,2007,0.22
Chile,2008,0.22
Chile,2009,0.22
Chile,2010,0.22
Chile,2011,0.22
Chile,2012,0.22
Chile,2013,0.22
Chile,2014,0.22
China,1990,0.32
China,1991,0.32
China,1992,0.32
China,1993,0.32
China,1994,0.32
China,1995,0.32
China,1996,0.32
China,1997,0.32
China,1998,0.32
China,1999,0.32
China,2000,0.32
China,2001,0.32
China,2002,0.32
China,2003,0.32
China,2004,0.32
China,2005,0.32
China,2006,0.32
China,2007,0.32
China,2008,0.32
China,2009,0.32
China,2010,0.32
China,2011,0.32
China,2012,0.32
China,2013,0.32
China,2014,0.32
Colombia,1990,0.28
Colombia,1991,0.28
Colombia,1992,0.28
Colombia,1993,0.28
Colombia,1994,0.28
Colombia,1995,0.28
Colombia,1996,0.28
Colombia,1997,0.28
Colombia,1998,0.28
Colombia,1999,0.28
Colombia,2000,0.28
Colombia,2001,0.28
Colombia,2002,0.28
Colombia,2003,0.27
Colombia,2004,0.27
Colombia,2005,0.27
Colombia,2006,0.28
Colombia,2007,0.27
Colombia,2008,0.26
Colombia,2009,0.27
Colombia,2010,0.27
Colombia,2011,0.26
Colombia,2012,0.26
Colombia,2013,0.26
Colombia,2014,0.27
Congo,1990,0.29
Congo,1991,0.29
Congo,1992,0.29
Congo,1993,0.29
Congo,1994,0.29
Congo,1995,0.29
Congo,1996,0.29
Congo,1997,0.29
Congo,1998,0.29
Congo,1999,0.29
Congo,2000,0.28
Congo,2001,0.28
Congo,2002,0.28
Congo,2003,0.28
Congo,2004,0.28
Congo,2005,0.28
Congo,2006,0.28
Congo,2007,0.28
Congo,2008,0.28
Congo,2009,0.28
Congo,2010,0.28
Congo,2011,0.28
Congo,2012,0.28
Congo,2013,0.28
Congo,2014,0.28
Costa Rica,1990,0.22
Costa Rica,1991,0.22
Costa Rica,1992,0.22
Costa Rica,1993,0.22
Costa Rica,1994,0.22
Costa Rica,1995,0.22
Costa Rica,1996,0.22
Costa Rica,1997,0.22
Costa Rica,1998,0.22
Costa Rica,1999,0.22
Costa Rica,2000,0.21
Costa Rica,2001,0.21
Costa Rica,2002,0.22
Costa Rica,2003,0.22
Costa Rica,2004,0.22
Costa Rica,2005,0.22
Costa Rica,2006,0.22
Costa Rica,2007,0.22
Costa Rica,2008,0.22
Costa Rica,2009,0.22
Costa Rica,2010,0.22
Costa Rica,2011,0.22
Costa Rica,2012,0.22
Costa Rica,2013,0.22
Costa Rica,2014,0.22
Cote d'Ivoire,1990,0.29
Cote d'Ivoire,1991,0.29
Cote d'Ivoire,1992,0.29
Cote d'Ivoire,1993,0.29
Cote d'Ivoire,1994,0.29
Cote d'Ivoire,1995,0.29
Cote d'Ivoire,1996,0.29
Cote d'Ivoire,1997,0.3
Cote d'Ivoire,1998,0.32
Cote d'Ivoire,1999,0.33
Cote d'Ivoire,2000,0.35
Cote d'Ivoire,2001,0.36
Cote d'Ivoire,2002,0.38
Cote d'Ivoire,2003,0.38
Cote d'Ivoire,2004,0.38
Cote d'Ivoire,2005,0.38
Cote d'Ivoire,2006,0.38
Cote d'Ivoire,2007,0.38
Cote d'Ivoire,2008,0.38
Cote d'Ivoire,2009,0.38
Cote d'Ivoire,2010,0.38
Cote d'Ivoire,2011,0.38
Cote d'Ivoire,2012,0.38
Cote d'Ivoire,2013,0.38
Cote d'Ivoire,2014,0.38
Cuba,1990,0.22
Cuba,1991,0.22
Cuba,1992,0.22
Cuba,1993,0.22
Cuba,1994,0.22
Cuba,1995,0.22
Cuba,1996,0.22
Cuba,1997,0.22
Cuba,1998,0.22
Cuba,1999,0.22
Cuba,2000,0.22
Cuba,2001,0.23
Cuba,2002,0.23
Cuba,2003,0.23
Cuba,2004,0.23
Cuba,2005,0.23
Cuba,2006,0.23
Cuba,2007,0.23
Cuba,2008,0.23
Cuba,2009,0.23
Cuba,2010,0.23
Cuba,2011,0.23
Cuba,2012,0.23
Cuba,2013,0.23
Cuba,2014,0.23
Djibouti,1990,0.3
Djibouti,1991,0.3
Djibouti,1992,0.3
Djibouti,1993,0.3
Djibouti,1994,0.3
Djibouti,1995,0.3
Djibouti,1996,0.3
Djibouti,1997,0.3
Djibouti,1998,0.3
Djibouti,1999,0.3
Djibouti,2000,0.3
Djibouti,2001,0.3
Djibouti,2002,0.3
Djibouti,2003,0.3
Djibouti,2004,0.3
Djibouti,2005,0.3
Djibouti,2006,0.3
Djibouti,2007,0.3
Djibouti,2008,0.3
Djibouti,2009,0.3
Djibouti,2010,0.3
Djibouti,2011,0.3
Djibouti,2012,0.3
Djibouti,2013,0.3
Djibouti,2014,0.3
Dominican Republic,1990,0.24
Dominican Republic,1991,0.24
Dominican Republic,1992,0.24
Dominican Republic,1993,0.24
Dominican Republic,1994,0.24
Dominican Republic,1995,0.24
Dominican Republic,1996,0.24
Dominican Republic,1997,0.24
Dominican Republic,1998,0.24
Dominican Republic,1999,0.24
Dominican Republic,2000,0.24
Dominican Republic,2001,0.24
Dominican Republic,2002,0.24
Dominican Republic,2003,0.24
Dominican Republic,2004,0.24
Dominican Republic,2005,0.24
Dominican Republic,2006,0.24
Dominican Republic,2007,0.24
Dominican Republic,2008,0.24
Dominican Republic,2009,0.24
Dominican Republic,2010,0.24
Dominican Republic,2011,0.24
Dominican Republic,2012,0.24
Dominican Republic,2013,0.24
Dominican Republic,2014,0.24
Ecuador,1990,0.23
Ecuador,1991,0.23
Ecuador,1992,0.23
Ecuador,1993,0.23
Ecuador,1994,0.23
Ecuador,1995,0.23
Ecuador,1996,0.23
Ecuador,1997,0.23
Ecuador,1998,0.23
Ecuador,1999,0.23
Ecuador,2000,0.23
Ecuador,2001,0.23
Ecuador,2002,0.23
Ecuador,2003,0.24
Ecuador,2004,0.24
Ecuador,2005,0.24
Ecuador,2006,0.24
Ecuador,2007,0.24
Ecuador,2008,0.23
Ecuador,2009,0.24
Ecuador,2010,0.23
Ecuador,2011,0.23
Ecuador,2012,0.23
Ecuador,2013,0.23
Ecuador,2014,0.23
Egypt,1990,0.29
Egypt,1991,0.29
Egypt,1992,0.29
Egypt,1993,0.29
Egypt,1994,0.29
Egypt,1995,0.29
Egypt,1996,0.29
Egypt,1997,0.29
Egypt,1998,0.29
Egypt,1999,0.29
Egypt,2000,0.28
Egypt,2001,0.28
Egypt,2002,0.28
Egypt,2003,0.29
Egypt,2004,0.29
Egypt,2005,0.29
Egypt,2006,0.29
Egypt,2007,0.29
Egypt,2008,0.29
Egypt,2009,0.29
Egypt,2010,0.29
Egypt,2011,0.29
Egypt,2012,0.29
Egypt,2013,0.29
Egypt,2014,0.29
El Salvador,1990,0.26
El Salvador,1991,0.26
El Salvador,1992,0.26
El Salvador,1993,0.26
El Salvador,1994,0.26
El Salvador,1995,0.26
El Salvador,1996,0.26
El Salvador,1997,0.26
El Salvador,1998,0.26
El Salvador,1999,0.26
El Salvador,2000,0.25
El Salvador,2001,0.25
El Salvador,2002,0.25
El Salvador,2003,0.25
El Salvador,2004,0.25
El Salvador,2005,0.25
El Salvador,2006,0.26
El Salvador,2007,0.26
El Salvador,2008,0.26
El Salvador,2009,0.26
El Salvador,2010,0.26
El Salvador,2011,0.26
El Salvador,2012,0.26
El Salvador,2013,0.26
El Salvador,2014,0.26
Ethiopia,1990,0.3
Ethiopia,1991,0.3
Ethiopia,1992,0.3
Ethiopia,1993,0.3
Ethiopia,1994,0.3
Ethiopia,1995,0.31
Ethiopia,1996,0.31
Ethiopia,1997,0.31
Ethiopia,1998,0.31
Ethiopia,1999,0.32
Ethiopia,2000,0.31
Ethiopia,2001,0.31
Ethiopia,2002,0.31
Ethiopia,2003,0.31
Ethiopia,2004,0.31
Ethiopia,2005,0.31
Ethiopia,2006,0.31
Ethiopia,2007,0.31
Ethiopia,2008,0.31
Ethiopia,2009,0.31
Ethiopia,2010,0.31
Ethiopia,2011,0.31
Ethiopia,2012,0.31
Ethiopia,2013,0.31
Ethiopia,2014,0.31
Fiji,1990,0.24
Fiji,1991,0.24
Fiji,1992,0.24
Fiji,1993,0.24
Fiji,1994,0.24
Fiji,1995,0.24
Fiji,1996,0.24
Fiji,1997,0.24
Fiji,1998,0.24
Fiji,1999,0.24
Fiji,2000,0.24
Fiji,2001,0.24
Fiji,2002,0.24
Fiji,2003,0.24
Fiji,2004,0.24
Fiji,2005,0.24
Fiji,2006,0.24
Fiji,2007,0.24
Fiji,2008,0.24
Fiji,2009,0.24
Fiji,2010,0.24
Fiji,2011,0.24
Fiji,2012,0.24
Fiji,2013,0.24
Fiji,2014,0.24
Gabon,1990,0.22
Gabon,1991,0.22
Gabon,1992,0.22
Gabon,1993,0.22
Gabon,1994,0.22
Gabon,1995,0.22
Gabon,1996,0.22
Gabon,1997,0.22
Gabon,1998,0.22
Gabon,1999,0.22
Gabon,2000,0.2
Gabon,2001,0.2
Gabon,2002,0.2
Gabon,2003,0.2
Gabon,2004,0.2
Gabon,2005,0.2
Gabon,2006,0.2
Gabon,2007,0.2
Gabon,2008,0.2
Gabon,2009,0.2
Gabon,2010,0.2
Gabon,2011,0.2
Gabon,2012,0.2
Gabon,2013,0.2
Gabon,2014,0.2
Gambia,1990,0.28
Gambia,1991,0.28
Gambia,1992,0.28
Gambia,1993,0.28
Gambia,1994,0.28
Gambia,1995,0.28
Gambia,1996,0.28
Gambia,1997,0.28
Gambia,1998,0.28
Gambia,1999,0.28
Gambia,2000,0.27
Gambia,2001,0.27
Gambia,2002,0.27
Gambia,2003,0.27
Gambia,2004,0.27
Gambia,2005,0.27
Gambia,2006,0.27
Gambia,2007,0.27
Gambia,2008,0.27
Gambia,2009,0.27
Gambia,2010,0.27
Gambia,2011,0.27
Gambia,2012,0.27
Gambia,2013,0.27
Gambia,2014,0.27
Georgia,1992,0.21
Georgia,1993,0.21
Georgia,1994,0.21
Georgia,1995,0.21
Georgia,1996,0.21
Georgia,1997,0.21
Georgia,1998,0.21
Georgia,1999,0.21
Georgia,2000,0.26
Georgia,2001,0.25
Georgia,2002,0.25
Georgia,2003,0.25
Georgia,2004,0.25
Georgia,2005,0.25
Georgia,2006,0.25
Georgia,2007,0.25
Georgia,2008,0.25
Georgia,2009,0.25
Georgia,2010,0.25
Georgia,2011,0.25
Georgia,2012,0.25
Georgia,2013,0.25
Georgia,2014,0.25
Ghana,1990,0.27
Ghana,1991,0.27
Ghana,1992,0.27
Ghana,1993,0.27
Ghana,1994,0.27
Ghana,1995,0.27
Ghana,1996,0.27
Ghana,1997,0.27
Ghana,1998,0.27
Ghana,1999,0.27
Ghana,2000,0.27
Ghana,2001,0.27
Ghana,2002,0.27
Ghana,2003,0.27
Ghana,2004,0.27
Ghana,2005,0.27
Ghana,2006,0.27
Ghana,2007,0.27
Ghana,2008,0.27
Ghana,2009,0.27
Ghana,2010,0.27
Ghana,2011,0.27
Ghana,2012,0.27
Ghana,2013,0.27
Ghana,2014,0.27
Guatemala,1990,0.27
Guatemala,1991,0.27
Guatemala,1992,0.27
Guatemala,1993,0.27
Guatemala,1994,0.27
Guatemala,1995,0.27
Guatemala,1996,0.27
Guatemala,1997,0.27
Guatemala,1998,0.27
Guatemala,1999,0.27
Guatemala,2000,0.26
Guatemala,2001,0.26
Guatemala,2002,0.27
Guatemala,2003,0.28
Guatemala,2004,0.28
Guatemala,2005,0.29
Guatemala,2006,0.3
Guatemala,2007,0.3
Guatemala,2008,0.3
Guatemala,2009,0.3
Guatemala,2010,0.3
Guatemala,2011,0.3
Guatemala,2012,0.3
Guatemala,2013,0.3
Guatemala,2014,0.3
Guinea,1990,0.33
Guinea,1991,0.33
Guinea,1992,0.33
Guinea,1993,0.33
Guinea,1994,0.33
Guinea,1995,0.33
Guinea,1996,0.33
Guinea,1997,0.33
Guinea,1998,0.33
Guinea,1999,0.33
Guinea,2000,0.33
Guinea,2001,0.33
Guinea,2002,0.33
Guinea,2003,0.33
Guinea,2004,0.32
Guinea,2005,0.32
Guinea,2006,0.32
Guinea,2007,0.32
Guinea,2008,0.32
Guinea,2009,0.32
Guinea,2010,0.32
Guinea,2011,0.32
Guinea,2012,0.32
Guinea,2013,0.32
Guinea,2014,0.32
Guinea-Bissau,1990,0.29
Guinea-Bissau,1991,0.29
Guinea-Bissau,1992,0.29
Guinea-Bissau,1993,0.29
Guinea-Bissau,1994,0.29
Guinea-Bissau,1995,0.29
Guinea-Bissau,1996,0.29
Guinea-Bissau,1997,0.29
Guinea-Bissau,1998,0.29
Guinea-Bissau,1999,0.29
Guinea-Bissau,2000,0.28
Guinea-Bissau,2001,0.28
Guinea-Bissau,2002,0.28
Guinea-Bissau,2003,0.28
Guinea-Bissau,2004,0.28
Guinea-Bissau,2005,0.28
Guinea-Bissau,2006,0.28
Guinea-Bissau,2007,0.28
Guinea-Bissau,2008,0.28
Guinea-Bissau,2009,0.28
Guinea-Bissau,2010,0.28
Guinea-Bissau,2011,0.28
Guinea-Bissau,2012,0.28
Guinea-Bissau,2013,0.28
Guinea-Bissau,2014,0.28
Guyana,1990,0.26
Guyana,1991,0.26
Guyana,1992,0.26
Guyana,1993,0.26
Guyana,1994,0.26
Guyana,1995,0.26
Guyana,1996,0.26
Guyana,1997,0.26
Guyana,1998,0.26
Guyana,1999,0.26
Guyana,2000,0.25
Guyana,2001,0.25
Guyana,2002,0.25
Guyana,2003,0.25
Guyana,2004,0.25
Guyana,2005,0.25
Guyana,2006,0.25
Guyana,2007,0.25
Guyana,2008,0.25
Guyana,2009,0.25
Guyana,2010,0.25
Guyana,2011,0.25
Guyana,2012,0.25
Guyana,2013,0.25
Guyana,2014,0.25
Haiti,1990,0.33
Haiti,1991,0.33
Haiti,1992,0.33
Haiti,1993,0.33
Haiti,1994,0.36
Haiti,1995,0.38
Haiti,1996,0.41
Haiti,1997,0.44
Haiti,1998,0.46
Haiti,1999,0.49
Haiti,2000,0.49
Haiti,2001,0.49
Haiti,2002,0.49
Haiti,2003,0.49
Haiti,2004,0.49
Haiti,2005,0.49
Haiti,2006,0.49
Haiti,2007,0.49
Haiti,2008,0.49
Haiti,2009,0.49
Haiti,2010,0.49
Haiti,2011,0.49
Haiti,2012,0.49
Haiti,2013,0.49
Haiti,2014,0.49
Honduras,1990,0.32
Honduras,1991,0.32
Honduras,1992,0.32
Honduras,1993,0.32
Honduras,1994,0.32
Honduras,1995,0.32
Honduras,1996,0.32
Honduras,1997,0.32
Honduras,1998,0.32
Honduras,1999,0.32
Honduras,2000,0.31
Honduras,2001,0.31
Honduras,2002,0.31
Honduras,2003,0.31
Honduras,2004,0.31
Honduras,2005,0.31
Honduras,2006,0.31
Honduras,2007,0.31
Honduras,2008,0.31
Honduras,2009,0.31
Honduras,2010,0.31
Honduras,2011,0.31
Honduras,2012,0.31
Honduras,2013,0.31
Honduras,2014,0.31
India,1990,0.29
India,1991,0.29
India,1992,0.29
India,1993,0.29
India,1994,0.29
India,1995,0.29
India,1996,0.28
India,1997,0.27
India,1998,0.27
India,1999,0.26
India,2000,0.26
India,2001,0.26
India,2002,0.25
India,2003,0.25
India,2004,0.25
India,2005,0.25
India,2006,0.25
India,2007,0.25
India,2008,0.25
India,2009,0.25
India,2010,0.25
India,2011,0.25
India,2012,0.25
India,2013,0.25
India,2014,0.25
Indonesia,1990,0.28
Indonesia,1991,0.28
Indonesia,1992,0.28
Indonesia,1993,0.28
Indonesia,1994,0.28
Indonesia,1995,0.28
Indonesia,1996,0.28
Indonesia,1997,0.28
Indonesia,1998,0.28
Indonesia,1999,0.28
Indonesia,2000,0.27
Indonesia,2001,0.28
Indonesia,2002,0.28
Indonesia,2003,0.28
Indonesia,2004,0.29
Indonesia,2005,0.29
Indonesia,2006,0.29
Indonesia,2007,0.3
Indonesia,2008,0.3
Indonesia,2009,0.3
Indonesia,2010,0.27
Indonesia,2011,0.27
Indonesia,2012,0.28
Indonesia,2013,0.28
Indonesia,2014,0.28
Iran,1990,0.28
Iran,1991,0.28
Iran,1992,0.28
Iran,1993,0.28
Iran,1994,0.28
Iran,1995,0.28
Iran,1996,0.28
Iran,1997,0.28
Iran,1998,0.28
Iran,1999,0.28
Iran,2000,0.27
Iran,2001,0.27
Iran,2002,0.28
Iran,2003,0.27
Iran,2004,0.27
Iran,2005,0.27
Iran,2006,0.27
Iran,2007,0.27
Iran,2008,0.27
Iran,2009,0.27
Iran,2010,0.27
Iran,2011,0.27
Iran,2012,0.27
Iran,2013,0.27
Iran,2014,0.27
Iraq,1990,0.26
Iraq,1991,0.26
Iraq,1992,0.26
Iraq,1993,0.26
Iraq,1994,0.26
Iraq,1995,0.26
Iraq,1996,0.26
Iraq,1997,0.26
Iraq,1998,0.26
Iraq,1999,0.26
Iraq,2000,0.26
Iraq,2001,0.26
Iraq,2002,0.28
Iraq,2003,0.3
Iraq,2004,0.32
Iraq,2005,0.34
Iraq,2006,0.36
Iraq,2007,0.38
Iraq,2008,0.38
Iraq,2009,0.38
Iraq,2010,0.38
Iraq,2011,0.38
Iraq,2012,0.38
Iraq,2013,0.38
Iraq,2014,0.38
Jamaica,1990,0.24
Jamaica,1991,0.24
Jamaica,1992,0.24
Jamaica,1993,0.24
Jamaica,1994,0.24
Jamaica,1995,0.24
Jamaica,1996,0.24
Jamaica,1997,0.24
Jamaica,1998,0.24
Jamaica,1999,0.24
Jamaica,2000,0.23
Jamaica,2001,0.23
Jamaica,2002,0.23
Jamaica,2003,0.23
Jamaica,2004,0.23
Jamaica,2005,0.23
Jamaica,2006,0.23
Jamaica,2007,0.23
Jamaica,2008,0.23
Jamaica,2009,0.23
Jamaica,2010,0.23
Jamaica,2011,0.24
Jamaica,2012,0.24
Jamaica,2013,0.24
Jamaica,2014,0.24
Jordan,1990,0.25
Jordan,1991,0.25
Jordan,1992,0.25
Jordan,1993,0.25
Jordan,1994,0.25
Jordan,1995,0.25
Jordan,1996,0.25
Jordan,1997,0.25
Jordan,1998,0.25
Jordan,1999,0.25
Jordan,2000,0.25
Jordan,2001,0.25
Jordan,2002,0.25
Jordan,2003,0.25
Jordan,2004,0.24
Jordan,2005,0.24
Jordan,2006,0.24
Jordan,2007,0.24
Jordan,2008,0.24
Jordan,2009,0.24
Jordan,2010,0.24
Jordan,2011,0.24
Jordan,2012,0.24
Jordan,2013,0.24
Jordan,2014,0.24
Kazakhstan,1992,0.22
Kazakhstan,1993,0.22
Kazakhstan,1994,0.22
Kazakhstan,1995,0.22
Kazakhstan,1996,0.22
Kazakhstan,1997,0.22
Kazakhstan,1998,0.22
Kazakhstan,1999,0.22
Kazakhstan,2000,0.23
Kazakhstan,2001,0.24
Kazakhstan,2002,0.25
Kazakhstan,2003,0.25
Kazakhstan,2004,0.27
Kazakhstan,2005,0.28
Kazakhstan,2006,0.27
Kazakhstan,2007,0.27
Kazakhstan,2008,0.27
Kazakhstan,2009,0.27
Kazakhstan,2010,0.26
Kazakhstan,2011,0.26
Kazakhstan,2012,0.26
Kazakhstan,2013,0.26
Kazakhstan,2014,0.26
Kenya,1990,0.26
Kenya,1991,0.26
Kenya,1992,0.26
Kenya,1993,0.26
Kenya,1994,0.26
Kenya,1995,0.26
Kenya,1996,0.26
Kenya,1997,0.26
Kenya,1998,0.26
Kenya,1999,0.26
Kenya,2000,0.25
Kenya,2001,0.25
Kenya,2002,0.25
Kenya,2003,0.25
Kenya,2004,0.25
Kenya,2005,0.25
Kenya,2006,0.24
Kenya,2007,0.23
Kenya,2008,0.23
Kenya,2009,0.23
Kenya,2010,0.23
Kenya,2011,0.23
Kenya,2012,0.23
Kenya,2013,0.23
Kenya,2014,0.23
Kiribati,1990,0.27
Kiribati,1991,0.27
Kiribati,1992,0.27
Kiribati,1993,0.27
Kiribati,1994,0.27
Kiribati,1995,0.27
Kiribati,1996,0.27
Kiribati,1997,0.27
Kiribati,1998,0.27
Kiribati,1999,0.27
Kiribati,2000,0.26
Kiribati,2001,0.27
Kiribati,2002,0.27
Kiribati,2003,0.27
Kiribati,2004,0.27
Kiribati,2005,0.27
Kiribati,2006,0.27
Kiribati,2007,0.27
Kiribati,2008,0.27
Kiribati,2009,0.27
Kiribati,2010,0.27
Kiribati,2011,0.27
Kiribati,2012,0.27
Kiribati,2013,0.27
Kiribati,2014,0.27
Kuwait,1990,0.25
Kuwait,1991,0.25
Kuwait,1992,0.25
Kuwait,1993,0.25
Kuwait,1994,0.25
Kuwait,1995,0.25
Kuwait,1996,0.25
Kuwait,1997,0.25
Kuwait,1998,0.25
Kuwait,1999,0.25
Kuwait,2000,0.26
Kuwait,2001,0.26
Kuwait,2002,0.26
Kuwait,2003,0.26
Kuwait,2004,0.26
Kuwait,2005,0.26
Kuwait,2006,0.26
Kuwait,2007,0.26
Kuwait,2008,0.26
Kuwait,2009,0.26
Kuwait,2010,0.26
Kuwait,2011,0.26
Kuwait,2012,0.26
Kuwait,2013,0.26
Kuwait,2014,0.26
Kyrgyzstan,1992,0.26
Kyrgyzstan,1993,0.26
Kyrgyzstan,1994,0.26
Kyrgyzstan,1995,0.26
Kyrgyzstan,1996,0.26
Kyrgyzstan,1997,0.26
Kyrgyzstan,1998,0.26
Kyrgyzstan,1999,0.26
Kyrgyzstan,2000,0.25
Kyrgyzstan,2001,0.25
Kyrgyzstan,2002,0.25
Kyrgyzstan,2003,0.25
Kyrgyzstan,2004,0.25
Kyrgyzstan,2005,0.25
Kyrgyzstan,2006,0.25
Kyrgyzstan,2007,0.25
Kyrgyzstan,2008,0.25
Kyrgyzstan,2009,0.25
Kyrgyzstan,2010,0.25
Kyrgyzstan,2011,0.25
Kyrgyzstan,2012,0.25
Kyrgyzstan,2013,0.25
Kyrgyzstan,2014,0.25
Laos,1990,0.31
Laos,1991,0.31
Laos,1992,0.31
Laos,1993,0.31
Laos,1994,0.31
Laos,1995,0.31
Laos,1996,0.31
Laos,1997,0.31
Laos,1998,0.31
Laos,1999,0.31
Laos,2000,0.3
Laos,2001,0.29
Laos,2002,0.29
Laos,2003,0.28
Laos,2004,0.27
Laos,2005,0.26
Laos,2006,0.25
Laos,2007,0.25
Laos,2008,0.25
Laos,2009,0.25
Laos,2010,0.25
Laos,2011,0.25
Laos,2012,0.25
Laos,2013,0.25
Laos,2014,0.25
Lebanon,1990,0.25
Lebanon,1991,0.25
Lebanon,1992,0.25
Lebanon,1993,0.25
Lebanon,1994,0.25
Lebanon,1995,0.25
Lebanon,1996,0.25
Lebanon,1997,0.25
Lebanon,1998,0.25
Lebanon,1999,0.25
Lebanon,2000,0.25
Lebanon,2001,0.25
Lebanon,2002,0.25
Lebanon,2003,0.25
Lebanon,2004,0.25
Lebanon,2005,0.25
Lebanon,2006,0.25
Lebanon,2007,0.25
Lebanon,2008,0.25
Lebanon,2009,0.25
Lebanon,2010,0.25
Lebanon,2011,0.26
Lebanon,2012,0.26
Lebanon,2013,0.26
Lebanon,2014,0.26
Lesotho,1990,0.27
Lesotho,1991,0.27
Lesotho,1992,0.27
Lesotho,1993,0.27
Lesotho,1994,0.27
Lesotho,1995,0.27
Lesotho,1996,0.27
Lesotho,1997,0.27
Lesotho,1998,0.27
Lesotho,1999,0.27
Lesotho,2000,0.27
Lesotho,2001,0.27
Lesotho,2002,0.27
Lesotho,2003,0.27
Lesotho,2004,0.27
Lesotho,2005,0.27
Lesotho,2006,0.27
Lesotho,2007,0.27
Lesotho,2008,0.27
Lesotho,2009,0.27
Lesotho,2010,0.27
Lesotho,2011,0.27
Lesotho,2012,0.27
Lesotho,2013,0.27
Lesotho,2014,0.27
Liberia,1990,0.35
Liberia,1991,0.35
Liberia,1992,0.35
Liberia,1993,0.35
Liberia,1994,0.35
Liberia,1995,0.35
Liberia,1996,0.35
Liberia,1997,0.35
Liberia,1998,0.35
Liberia,1999,0.35
Liberia,2000,0.35
Liberia,2001,0.35
Liberia,2002,0.35
Liberia,2003,0.35
Liberia,2004,0.35
Liberia,2005,0.35
Liberia,2006,0.35
Liberia,2007,0.35
Liberia,2008,0.35
Liberia,2009,0.35
Liberia,2010,0.35
Liberia,2011,0.35
Liberia,2012,0.35
Liberia,2013,0.35
Liberia,2014,0.35
Madagascar,1990,0.28
Madagascar,1991,0.28
Madagascar,1992,0.28
Madagascar,1993,0.28
Madagascar,1994,0.28
Madagascar,1995,0.28
Madagascar,1996,0.28
Madagascar,1997,0.28
Madagascar,1998,0.28
Madagascar,1999,0.28
Madagascar,2000,0.27
Madagascar,2001,0.27
Madagascar,2002,0.28
Madagascar,2003,0.29
Madagascar,2004,0.3
Madagascar,2005,0.31
Madagascar,2006,0.3
Madagascar,2007,0.29
Madagascar,2008,0.29
Madagascar,2009,0.28
Madagascar,2010,0.27
Madagascar,2011,0.27
Madagascar,2012,0.28
Madagascar,2013,0.28
Madagascar,2014,0.28
Malawi,1990,0.32
Malawi,1991,0.32
Malawi,1992,0.32
Malawi,1993,0.32
Malawi,1994,0.32
Malawi,1995,0.32
Malawi,1996,0.32
Malawi,1997,0.32
Malawi,1998,0.32
Malawi,1999,0.32
Malawi,2000,0.31
Malawi,2001,0.31
Malawi,2002,0.31
Malawi,2003,0.31
Malawi,2004,0.31
Malawi,2005,0.31
Malawi,2006,0.31
Malawi,2007,0.31
Malawi,2008,0.31
Malawi,2009,0.32
Malawi,2010,0.32
Malawi,2011,0.32
Malawi,2012,0.32
Malawi,2013,0.32
Malawi,2014,0.32
Malaysia,1990,0.22
Malaysia,1991,0.22
Malaysia,1992,0.22
Malaysia,1993,0.22
Malaysia,1994,0.22
Malaysia,1995,0.22
Malaysia,1996,0.22
Malaysia,1997,0.22
Malaysia,1998,0.22
Malaysia,1999,0.22
Malaysia,2000,0.21
Malaysia,2001,0.21
Malaysia,2002,0.21
Malaysia,2003,0.22
Malaysia,2004,0.22
Malaysia,2005,0.22
Malaysia,2006,0.22
Malaysia,2007,0.22
Malaysia,2008,0.22
Malaysia,2009,0.22
Malaysia,2010,0.22
Malaysia,2011,0.22
Malaysia,2012,0.22
Malaysia,2013,0.22
Malaysia,2014,0.22
Maldives,1990,0.25
Maldives,1991,0.25
Maldives,1992,0.25
Maldives,1993,0.25
Maldives,1994,0.25
Maldives,1995,0.25
Maldives,1996,0.25
Maldives,1997,0.25
Maldives,1998,0.25
Maldives,1999,0.25
Maldives,2000,0.25
Maldives,2001,0.25
Maldives,2002,0.25
Maldives,2003,0.25
Maldives,2004,0.25
Maldives,2005,0.25
Maldives,2006,0.25
Maldives,2007,0.25
Maldives,2008,0.25
Maldives,2009,0.25
Maldives,2010,0.25
Maldives,2011,0.25
Maldives,2012,0.25
Maldives,2013,0.25
Maldives,2014,0.25
Mali,1990,0.29
Mali,1991,0.29
Mali,1992,0.29
Mali,1993,0.29
Mali,1994,0.29
Mali,1995,0.29
Mali,1996,0.29
Mali,1997,0.29
Mali,1998,0.29
Mali,1999,0.29
Mali,2000,0.28
Mali,2001,0.28
Mali,2002,0.28
Mali,2003,0.28
Mali,2004,0.28
Mali,2005,0.28
Mali,2006,0.28
Mali,2007,0.28
Mali,2008,0.27
Mali,2009,0.27
Mali,2010,0.27
Mali,2011,0.27
Mali,2012,0.27
Mali,2013,0.27
Mali,2014,0.27
Mauritania,1990,0.29
Mauritania,1991,0.29
Mauritania,1992,0.29
Mauritania,1993,0.29
Mauritania,1994,0.29
Mauritania,1995,0.29
Mauritania,1996,0.29
Mauritania,1997,0.29
Mauritania,1998,0.29
Mauritania,1999,0.29
Mauritania,2000,0.28
Mauritania,2001,0.28
Mauritania,2002,0.28
Mauritania,2003,0.29
Mauritania,2004,0.29
Mauritania,2005,0.28
Mauritania,2006,0.28
Mauritania,2007,0.28
Mauritania,2008,0.28
Mauritania,2009,0.28
Mauritania,2010,0.28
Mauritania,2011,0.28
Mauritania,2012,0.28
Mauritania,2013,0.28
Mauritania,2014,0.28
Mauritius,1990,0.26
Mauritius,1991,0.26
Mauritius,1992,0.26
Mauritius,1993,0.26
Mauritius,1994,0.26
Mauritius,1995,0.26
Mauritius,1996,0.26
Mauritius,1997,0.26
Mauritius,1998,0.26
Mauritius,1999,0.26
Mauritius,2000,0.26
Mauritius,2001,0.26
Mauritius,2002,0.26
Mauritius,2003,0.26
Mauritius,2004,0.26
Mauritius,2005,0.26
Mauritius,2006,0.26
Mauritius,2007,0.26
Mauritius,2008,0.26
Mauritius,2009,0.26
Mauritius,2010,0.26
Mauritius,2011,0.26
Mauritius,2012,0.26
Mauritius,2013,0.27
Mauritius,2014,0.27
Mexico,1990,0.29
Mexico,1991,0.29
Mexico,1992,0.29
Mexico,1993,0.29
Mexico,1994,0.29
Mexico,1995,0.29
Mexico,1996,0.28
Mexico,1997,0.28
Mexico,1998,0.27
Mexico,1999,0.26
Mexico,2000,0.26
Mexico,2001,0.27
Mexico,2002,0.28
Mexico,2003,0.29
Mexico,2004,0.3
Mexico,2005,0.28
Mexico,2006,0.27
Mexico,2007,0.27
Mexico,2008,0.27
Mexico,2009,0.26
Mexico,2010,0.26
Mexico,2011,0.26
Mexico,2012,0.26
Mexico,2013,0.26
Mexico,2014,0.26
Mongolia,1990,0.26
Mongolia,1991,0.26
Mongolia,1992,0.26
Mongolia,1993,0.26
Mongolia,1994,0.26
Mongolia,1995,0.26
Mongolia,1996,0.26
Mongolia,1997,0.26
Mongolia,1998,0.26
Mongolia,1999,0.26
Mongolia,2000,0.26
Mongolia,2001,0.26
Mongolia,2002,0.27
Mongolia,2003,0.27
Mongolia,2004,0.28
Mongolia,2005,0.28
Mongolia,2006,0.29
Mongolia,2007,0.29
Mongolia,2008,0.29
Mongolia,2009,0.29
Mongolia,2010,0.29
Mongolia,2011,0.29
Mongolia,2012,0.29
Mongolia,2013,0.29
Mongolia,2014,0.29
Morocco,1990,0.3
Morocco,1991,0.3
Morocco,1992,0.3
Morocco,1993,0.3
Morocco,1994,0.3
Morocco,1995,0.3
Morocco,1996,0.3
Morocco,1997,0.3
Morocco,1998,0.3
Morocco,1999,0.3
Morocco,2000,0.31
Morocco,2001,0.31
Morocco,2002,0.31
Morocco,2003,0.31
Morocco,2004,0.31
Morocco,2005,0.31
Morocco,2006,0.31
Morocco,2007,0.31
Morocco,2008,0.31
Morocco,2009,0.31
Morocco,2010,0.31
Morocco,2011,0.31
Morocco,2012,0.31
Morocco,2013,0.31
Morocco,2014,0.31
Mozambique,1990,0.31
Mozambique,1991,0.31
Mozambique,1992,0.31
Mozambique,1993,0.31
Mozambique,1994,0.31
Mozambique,1995,0.31
Mozambique,1996,0.31
Mozambique,1997,0.32
Mozambique,1998,0.32
Mozambique,1999,0.33
Mozambique,2000,0.35
Mozambique,2001,0.35
Mozambique,2002,0.36
Mozambique,2003,0.36
Mozambique,2004,0.35
Mozambique,2005,0.34
Mozambique,2006,0.35
Mozambique,2007,0.35
Mozambique,2008,0.35
Mozambique,2009,0.35
Mozambique,2010,0.35
Mozambique,2011,0.35
Mozambique,2012,0.35
Mozambique,2013,0.35
Mozambique,2014,0.35
Myanmar,1990,0.28
Myanmar,1991,0.28
Myanmar,1992,0.28
Myanmar,1993,0.28
Myanmar,1994,0.28
Myanmar,1995,0.28
Myanmar,1996,0.28
Myanmar,1997,0.28
Myanmar,1998,0.28
Myanmar,1999,0.28
Myanmar,2000,0.28
Myanmar,2001,0.28
Myanmar,2002,0.28
Myanmar,2003,0.27
Myanmar,2004,0.27
Myanmar,2005,0.27
Myanmar,2006,0.27
Myanmar,2007,0.27
Myanmar,2008,0.27
Myanmar,2009,0.27
Myanmar,2010,0.27
Myanmar,2011,0.27
Myanmar,2012,0.27
Myanmar,2013,0.27
Myanmar,2014,0.27
Namibia,1990,0.25
Namibia,1991,0.25
Namibia,1992,0.25
Namibia,1993,0.25
Namibia,1994,0.25
Namibia,1995,0.25
Namibia,1996,0.25
Namibia,1997,0.25
Namibia,1998,0.25
Namibia,1999,0.25
Namibia,2000,0.24
Namibia,2001,0.24
Namibia,2002,0.24
Namibia,2003,0.24
Namibia,2004,0.24
Namibia,2005,0.24
Namibia,2006,0.24
Namibia,2007,0.24
Namibia,2008,0.24
Namibia,2009,0.24
Namibia,2010,0.24
Namibia,2011,0.24
Namibia,2012,0.24
Namibia,2013,0.24
Namibia,2014,0.24
Nepal,1990,0.28
Nepal,1991,0.29
Nepal,1992,0.29
Nepal,1993,0.3
Nepal,1994,0.3
Nepal,1995,0.31
Nepal,1996,0.31
Nepal,1997,0.31
Nepal,1998,0.31
Nepal,1999,0.31
Nepal,2000,0.3
Nepal,2001,0.3
Nepal,2002,0.31
Nepal,2003,0.31
Nepal,2004,0.3
Nepal,2005,0.3
Nepal,2006,0.29
Nepal,2007,0.29
Nepal,2008,0.29
Nepal,2009,0.28
Nepal,2010,0.28
Nepal,2011,0.28
Nepal,2012,0.29
Nepal,2013,0.29
Nepal,2014,0.29
Nicaragua,1990,0.31
Nicaragua,1991,0.31
Nicaragua,1992,0.31
Nicaragua,1993,0.31
Nicaragua,1994,0.31
Nicaragua,1995,0.31
Nicaragua,1996,0.31
Nicaragua,1997,0.31
Nicaragua,1998,0.31
Nicaragua,1999,0.31
Nicaragua,2000,0.31
Nicaragua,2001,0.31
Nicaragua,2002,0.31
Nicaragua,2003,0.32
Nicaragua,2004,0.32
Nicaragua,2005,0.32
Nicaragua,2006,0.32
Nicaragua,2007,0.32
Nicaragua,2008,0.32
Nicaragua,2009,0.32
Nicaragua,2010,0.32
Nicaragua,2011,0.32
Nicaragua,2012,0.32
Nicaragua,2013,0.32
Nicaragua,2014,0.32
Niger,1990,0.31
Niger,1991,0.31
Niger,1992,0.31
Niger,1993,0.31
Niger,1994,0.31
Niger,1995,0.31
Niger,1996,0.31
Niger,1997,0.31
Niger,1998,0.31
Niger,1999,0.31
Niger,2000,0.3
Niger,2001,0.3
Niger,2002,0.3
Niger,2003,0.3
Niger,2004,0.3
Niger,2005,0.3
Niger,2006,0.29
Niger,2007,0.29
Niger,2008,0.28
Niger,2009,0.28
Niger,2010,0.28
Niger,2011,0.28
Niger,2012,0.28
Niger,2013,0.28
Niger,2014,0.28
Nigeria,1990,0.28
Nigeria,1991,0.28
Nigeria,1992,0.28
Nigeria,1993,0.28
Nigeria,1994,0.28
Nigeria,1995,0.28
Nigeria,1996,0.28
Nigeria,1997,0.28
Nigeria,1998,0.28
Nigeria,1999,0.28
Nigeria,2000,0.26
Nigeria,2001,0.26
Nigeria,2002,0.26
Nigeria,2003,0.26
Nigeria,2004,0.26
Nigeria,2005,0.26
Nigeria,2006,0.25
Nigeria,2007,0.25
Nigeria,2008,0.25
Nigeria,2009,0.25
Nigeria,2010,0.25
Nigeria,2011,0.25
Nigeria,2012,0.25
Nigeria,2013,0.25
Nigeria,2014,0.25
North Korea,1990,0.25
North Korea,1991,0.25
North Korea,1992,0.25
North Korea,1993,0.25
North Korea,1994,0.25
North Korea,1995,0.25
North Korea,1996,0.25
North Korea,1997,0.25
North Korea,1998,0.25
North Korea,1999,0.25
North Korea,2000,0.25
North Korea,2001,0.25
North Korea,2002,0.25
North Korea,2003,0.25
North Korea,2004,0.25
North Korea,2005,0.25
North Korea,2006,0.25
North Korea,2007,0.25
North Korea,2008,0.25
North Korea,2009,0.25
North Korea,2010,0.25
North Korea,2011,0.26
North Korea,2012,0.26
North Korea,2013,0.26
North Korea,2014,0.26
Pakistan,1990,0.33
Pakistan,1991,0.33
Pakistan,1992,0.33
Pakistan,1993,0.33
Pakistan,1994,0.33
Pakistan,1995,0.33
Pakistan,1996,0.33
Pakistan,1997,0.33
Pakistan,1998,0.33
Pakistan,1999,0.33
Pakistan,2000,0.32
Pakistan,2001,0.32
Pakistan,2002,0.32
Pakistan,2003,0.31
Pakistan,2004,0.31
Pakistan,2005,0.31
Pakistan,2006,0.31
Pakistan,2007,0.31
Pakistan,2008,0.31
Pakistan,2009,0.31
Pakistan,2010,0.31
Pakistan,2011,0.31
Pakistan,2012,0.31
Pakistan,2013,0.31
Pakistan,2014,0.31
Panama,1990,0.27
Panama,1991,0.27
Panama,1992,0.27
Panama,1993,0.27
Panama,1994,0.27
Panama,1995,0.27
Panama,1996,0.27
Panama,1997,0.27
Panama,1998,0.27
Panama,1999,0.27
Panama,2000,0.27
Panama,2001,0.27
Panama,2002,0.27
Panama,2003,0.27
Panama,2004,0.27
Panama,2005,0.27
Panama,2006,0.27
Panama,2007,0.27
Panama,2008,0.27
Panama,2009,0.27
Panama,2010,0.27
Panama,2011,0.27
Panama,2012,0.27
Panama,2013,0.27
Panama,2014,0.27
Paraguay,1990,0.27
Paraguay,1991,0.27
Paraguay,1992,0.27
Paraguay,1993,0.27
Paraguay,1994,0.28
Paraguay,1995,0.28
Paraguay,1996,0.28
Paraguay,1997,0.28
Paraguay,1998,0.28
Paraguay,1999,0.28
Paraguay,2000,0.27
Paraguay,2001,0.27
Paraguay,2002,0.27
Paraguay,2003,0.27
Paraguay,2004,0.26
Paraguay,2005,0.26
Paraguay,2006,0.25
Paraguay,2007,0.24
Paraguay,2008,0.24
Paraguay,2009,0.24
Paraguay,2010,0.24
Paraguay,2011,0.23
Paraguay,2012,0.23
Paraguay,2013,0.23
Paraguay,2014,0.23
Peru,1990,0.27
Peru,1991,0.27
Peru,1992,0.27
Peru,1993,0.27
Peru,1994,0.27
Peru,1995,0.27
Peru,1996,0.27
Peru,1997,0.27
Peru,1998,0.27
Peru,1999,0.27
Peru,2000,0.27
Peru,2001,0.27
Peru,2002,0.27
Peru,2003,0.26
Peru,2004,0.26
Peru,2005,0.26
Peru,2006,0.26
Peru,2007,0.26
Peru,2008,0.25
Peru,2009,0.26
Peru,2010,0.25
Peru,2011,0.25
Peru,2012,0.25
Peru,2013,0.25
Peru,2014,0.25
Philippines,1990,0.31
Philippines,1991,0.31
Philippines,1992,0.31
Philippines,1993,0.31
Philippines,1994,0.31
Philippines,1995,0.31
Philippines,1996,0.31
Philippines,1997,0.31
Philippines,1998,0.31
Philippines,1999,0.31
Philippines,2000,0.3
Philippines,2001,0.3
Philippines,2002,0.3
Philippines,2003,0.3
Philippines,2004,0.3
Philippines,2005,0.3
Philippines,2006,0.3
Philippines,2007,0.3
Philippines,2008,0.29
Philippines,2009,0.29
Philippines,2010,0.29
Philippines,2011,0.29
Philippines,2012,0.29
Philippines,2013,0.29
Philippines,2014,0.29
Rwanda,1990,0.33
Rwanda,1991,0.33
Rwanda,1992,0.33
Rwanda,1993,0.33
Rwanda,1994,0.33
Rwanda,1995,0.33
Rwanda,1996,0.33
Rwanda,1997,0.33
Rwanda,1998,0.33
Rwanda,1999,0.33
Rwanda,2000,0.32
Rwanda,2001,0.32
Rwanda,2002,0.32
Rwanda,2003,0.32
Rwanda,2004,0.32
Rwanda,2005,0.32
Rwanda,2006,0.33
Rwanda,2007,0.33
Rwanda,2008,0.32
Rwanda,2009,0.32
Rwanda,2010,0.32
Rwanda,2011,0.32
Rwanda,2012,0.32
Rwanda,2013,0.32
Rwanda,2014,0.32
Saint Vincent and the Grenadines,1990,0.24
Saint Vincent and the Grenadines,1991,0.24
Saint Vincent and the Grenadines,1992,0.24
Saint Vincent and the Grenadines,1993,0.24
Saint Vincent and the Grenadines,1994,0.24
Saint Vincent and the Grenadines,1995,0.24
Saint Vincent and the Grenadines,1996,0.24
Saint Vincent and the Grenadines,1997,0.24
Saint Vincent and the Grenadines,1998,0.24
Saint Vincent and the Grenadines,1999,0.24
Saint Vincent and the Grenadines,2000,0.24
Saint Vincent and the Grenadines,2001,0.24
Saint Vincent and the Grenadines,2002,0.24
Saint Vincent and the Grenadines,2003,0.24
Saint Vincent and the Grenadines,2004,0.24
Saint Vincent and the Grenadines,2005,0.24
Saint Vincent and the Grenadines,2006,0.24
Saint Vincent and the Grenadines,2007,0.24
Saint Vincent and the Grenadines,2008,0.24
Saint Vincent and the Grenadines,2009,0.24
Saint Vincent and the Grenadines,2010,0.24
Saint Vincent and the Grenadines,2011,0.24
Saint Vincent and the Grenadines,2012,0.24
Saint Vincent and the Grenadines,2013,0.24
Saint Vincent and the Grenadines,2014,0.24
Samoa,1990,0.24
Samoa,1991,0.24
Samoa,1992,0.24
Samoa,1993,0.24
Samoa,1994,0.24
Samoa,1995,0.24
Samoa,1996,0.24
Samoa,1997,0.24
Samoa,1998,0.24
Samoa,1999,0.24
Samoa,2000,0.23
Samoa,2001,0.23
Samoa,2002,0.23
Samoa,2003,0.23
Samoa,2004,0.23
Samoa,2005,0.23
Samoa,2006,0.23
Samoa,2007,0.23
Samoa,2008,0.23
Samoa,2009,0.23
Samoa,2010,0.23
Samoa,2011,0.23
Samoa,2012,0.23
Samoa,2013,0.23
Samoa,2014,0.23
Sao Tome and Principe,1990,0.25
Sao Tome and Principe,1991,0.25
Sao Tome and Principe,1992,0.25
Sao Tome and Principe,1993,0.25
Sao Tome and Principe,1994,0.25
Sao Tome and Principe,1995,0.25
Sao Tome and Principe,1996,0.25
Sao Tome and Principe,1997,0.25
Sao Tome and Principe,1998,0.25
Sao Tome and Principe,1999,0.25
Sao Tome and Principe,2000,0.24
Sao Tome and Principe,2001,0.24
Sao Tome and Principe,2002,0.24
Sao Tome and Principe,2003,0.24
Sao Tome and Principe,2004,0.24
Sao Tome and Principe,2005,0.24
Sao Tome and Principe,2006,0.24
Sao Tome and Principe,2007,0.24
Sao Tome and Principe,2008,0.24
Sao Tome and Principe,2009,0.24
Sao Tome and Principe,2010,0.24
Sao Tome and Principe,2011,0.24
Sao Tome and Principe,2012,0.24
Sao Tome and Principe,2013,0.24
Sao Tome and Principe,2014,0.24
Saudi Arabia,1990,0.22
Saudi Arabia,1991,0.22
Saudi Arabia,1992,0.22
Saudi Arabia,1993,0.22
Saudi Arabia,1994,0.22
Saudi Arabia,1995,0.22
Saudi Arabia,1996,0.22
Saudi Arabia,1997,0.22
Saudi Arabia,1998,0.22
Saudi Arabia,1999,0.22
Saudi Arabia,2000,0.21
Saudi Arabia,2001,0.21
Saudi Arabia,2002,0.21
Saudi Arabia,2003,0.22
Saudi Arabia,2004,0.22
Saudi Arabia,2005,0.22
Saudi Arabia,2006,0.22
Saudi Arabia,2007,0.22
Saudi Arabia,2008,0.22
Saudi Arabia,2009,0.22
Saudi Arabia,2010,0.22
Saudi Arabia,2011,0.22
Saudi Arabia,2012,0.22
Saudi Arabia,2013,0.22
Saudi Arabia,2014,0.22
Senegal,1990,0.26
Senegal,1991,0.26
Senegal,1992,0.26
Senegal,1993,0.26
Senegal,1994,0.26
Senegal,1995,0.26
Senegal,1996,0.26
Senegal,1997,0.26
Senegal,1998,0.26
Senegal,1999,0.26
Senegal,2000,0.25
Senegal,2001,0.25
Senegal,2002,0.25
Senegal,2003,0.24
Senegal,2004,0.24
Senegal,2005,0.24
Senegal,2006,0.24
Senegal,2007,0.24
Senegal,2008,0.24
Senegal,2009,0.24
Senegal,2010,0.24
Senegal,2011,0.24
Senegal,2012,0.24
Senegal,2013,0.24
Senegal,2014,0.24
Sierra Leone,1990,0.36
Sierra Leone,1991,0.36
Sierra Leone,1992,0.36
Sierra Leone,1993,0.36
Sierra Leone,1994,0.36
Sierra Leone,1995,0.36
Sierra Leone,1996,0.36
Sierra Leone,1997,0.36
Sierra Leone,1998,0.36
Sierra Leone,1999,0.36
Sierra Leone,2000,0.35
Sierra Leone,2001,0.35
Sierra Leone,2002,0.35
Sierra Leone,2003,0.35
Sierra Leone,2004,0.35
Sierra Leone,2005,0.36
Sierra Leone,2006,0.36
Sierra Leone,2007,0.36
Sierra Leone,2008,0.36
Sierra Leone,2009,0.36
Sierra Leone,2010,0.36
Sierra Leone,2011,0.36
Sierra Leone,2012,0.36
Sierra Leone,2013,0.36
Sierra Leone,2014,0.36
Solomon Islands,1990,0.25
Solomon Islands,1991,0.25
Solomon Islands,1992,0.25
Solomon Islands,1993,0.25
Solomon Islands,1994,0.25
Solomon Islands,1995,0.25
Solomon Islands,1996,0.25
Solomon Islands,1997,0.25
Solomon Islands,1998,0.25
Solomon Islands,1999,0.25
Solomon Islands,2000,0.24
Solomon Islands,2001,0.24
Solomon Islands,2002,0.24
Solomon Islands,2003,0.24
Solomon Islands,2004,0.24
Solomon Islands,2005,0.24
Solomon Islands,2006,0.24
Solomon Islands,2007,0.24
Solomon Islands,2008,0.24
Solomon Islands,2009,0.24
Solomon Islands,2010,0.24
Solomon Islands,2011,0.24
Solomon Islands,2012,0.24
Solomon Islands,2013,0.24
Solomon Islands,2014,0.24
South Africa,1990,0.23
South Africa,1991,0.23
South Africa,1992,0.23
South Africa,1993,0.23
South Africa,1994,0.23
South Africa,1995,0.23
South Africa,1996,0.23
South Africa,1997,0.23
South Africa,1998,0.23
South Africa,1999,0.23
South Africa,2000,0.22
South Africa,2001,0.22
South Africa,2002,0.22
South Africa,2003,0.22
South Africa,2004,0.22
South Africa,2005,0.22
South Africa,2006,0.23
South Africa,2007,0.22
South Africa,2008,0.22
South Africa,2009,0.22
South Africa,2010,0.22
South Africa,2011,0.22
South Africa,2012,0.22
South Africa,2013,0.22
South Africa,2014,0.22
South Korea,1990,0.21
South Korea,1991,0.21
South Korea,1992,0.21
South Korea,1993,0.21
South Korea,1994,0.21
South Korea,1995,0.21
South Korea,1996,0.21
South Korea,1997,0.21
South Korea,1998,0.21
South Korea,1999,0.21
South Korea,2000,0.21
South Korea,2001,0.22
South Korea,2002,0.22
South Korea,2003,0.22
South Korea,2004,0.22
South Korea,2005,0.22
South Korea,2006,0.22
South Korea,2007,0.22
South Korea,2008,0.22
South Korea,2009,0.22
South Korea,2010,0.22
South Korea,2011,0.22
South Korea,2012,0.22
South Korea,2013,0.22
South Korea,2014,0.22
Sri Lanka,1990,0.28
Sri Lanka,1991,0.28
Sri Lanka,1992,0.28
Sri Lanka,1993,0.28
Sri Lanka,1994,0.29
Sri Lanka,1995,0.31
Sri Lanka,1996,0.32
Sri Lanka,1997,0.33
Sri Lanka,1998,0.34
Sri Lanka,1999,0.35
Sri Lanka,2000,0.35
Sri Lanka,2001,0.35
Sri Lanka,2002,0.35
Sri Lanka,2003,0.35
Sri Lanka,2004,0.35
Sri Lanka,2005,0.35
Sri Lanka,2006,0.35
Sri Lanka,2007,0.35
Sri Lanka,2008,0.35
Sri Lanka,2009,0.35
Sri Lanka,2010,0.35
Sri Lanka,2011,0.35
Sri Lanka,2012,0.35
Sri Lanka,2013,0.35
Sri Lanka,2014,0.35
Sudan (former),1990,0.27
Sudan (former),1991,0.27
Sudan (former),1992,0.27
Sudan (former),1993,0.27
Sudan (former),1994,0.27
Sudan (former),1995,0.27
Sudan (former),1996,0.27
Sudan (former),1997,0.27
Sudan (former),1998,0.27
Sudan (former),1999,0.27
Sudan (former),2000,0.27
Sudan (former),2001,0.28
Sudan (former),2002,0.28
Sudan (former),2003,0.28
Sudan (former),2004,0.29
Sudan (former),2005,0.29
Sudan (former),2006,0.29
Sudan (former),2007,0.29
Sudan (former),2008,0.3
Sudan (former),2009,0.3
Sudan (former),2010,0.3
Sudan (former),2011,0.3
Suriname,1990,0.24
Suriname,1991,0.24
Suriname,1992,0.24
Suriname,1993,0.24
Suriname,1994,0.24
Suriname,1995,0.24
Suriname,1996,0.24
Suriname,1997,0.24
Suriname,1998,0.24
Suriname,1999,0.24
Suriname,2000,0.24
Suriname,2001,0.24
Suriname,2002,0.24
Suriname,2003,0.24
Suriname,2004,0.24
Suriname,2005,0.24
Suriname,2006,0.24
Suriname,2007,0.24
Suriname,2008,0.24
Suriname,2009,0.24
Suriname,2010,0.24
Suriname,2011,0.24
Suriname,2012,0.24
Suriname,2013,0.24
Suriname,2014,0.24
Swaziland,1990,0.25
Swaziland,1991,0.25
Swaziland,1992,0.25
Swaziland,1993,0.25
Swaziland,1994,0.25
Swaziland,1995,0.25
Swaziland,1996,0.25
Swaziland,1997,0.25
Swaziland,1998,0.25
Swaziland,1999,0.25
Swaziland,2000,0.24
Swaziland,2001,0.24
Swaziland,2002,0.24
Swaziland,2003,0.25
Swaziland,2004,0.25
Swaziland,2005,0.25
Swaziland,2006,0.25
Swaziland,2007,0.25
Swaziland,2008,0.25
Swaziland,2009,0.25
Swaziland,2010,0.25
Swaziland,2011,0.25
Swaziland,2012,0.25
Swaziland,2013,0.25
Swaziland,2014,0.25
Tajikistan,1992,0.24
Tajikistan,1993,0.24
Tajikistan,1994,0.24
Tajikistan,1995,0.24
Tajikistan,1996,0.24
Tajikistan,1997,0.24
Tajikistan,1998,0.24
Tajikistan,1999,0.24
Tajikistan,2000,0.24
Tajikistan,2001,0.25
Tajikistan,2002,0.27
Tajikistan,2003,0.28
Tajikistan,2004,0.3
Tajikistan,2005,0.32
Tajikistan,2006,0.31
Tajikistan,2007,0.3
Tajikistan,2008,0.3
Tajikistan,2009,0.3
Tajikistan,2010,0.3
Tajikistan,2011,0.3
Tajikistan,2012,0.3
Tajikistan,2013,0.3
Tajikistan,2014,0.3
Tanzania,1990,0.28
Tanzania,1991,0.28
Tanzania,1992,0.28
Tanzania,1993,0.28
Tanzania,1994,0.28
Tanzania,1995,0.29
Tanzania,1996,0.29
Tanzania,1997,0.3
Tanzania,1998,0.31
Tanzania,1999,0.32
Tanzania,2000,0.32
Tanzania,2001,0.32
Tanzania,2002,0.33
Tanzania,2003,0.34
Tanzania,2004,0.34
Tanzania,2005,0.35
Tanzania,2006,0.36
Tanzania,2007,0.36
Tanzania,2008,0.36
Tanzania,2009,0.36
Tanzania,2010,0.36
Tanzania,2011,0.36
Tanzania,2012,0.36
Tanzania,2013,0.36
Tanzania,2014,0.36
Thailand,1990,0.28
Thailand,1991,0.28
Thailand,1992,0.28
Thailand,1993,0.28
Thailand,1994,0.28
Thailand,1995,0.28
Thailand,1996,0.28
Thailand,1997,0.28
Thailand,1998,0.28
Thailand,1999,0.28
Thailand,2000,0.29
Thailand,2001,0.28
Thailand,2002,0.28
Thailand,2003,0.27
Thailand,2004,0.27
Thailand,2005,0.26
Thailand,2006,0.26
Thailand,2007,0.25
Thailand,2008,0.25
Thailand,2009,0.24
Thailand,2010,0.24
Thailand,2011,0.23
Thailand,2012,0.24
Thailand,2013,0.24
Thailand,2014,0.24
Timor,1990,0.28
Timor,1991,0.28
Timor,1992,0.28
Timor,1993,0.28
Timor,1994,0.28
Timor,1995,0.28
Timor,1996,0.28
Timor,1997,0.29
Timor,1998,0.3
Timor,1999,0.31
Timor,2000,0.31
Timor,2001,0.32
Timor,2002,0.32
Timor,2003,0.32
Timor,2004,0.32
Timor,2005,0.32
Timor,2006,0.32
Timor,2007,0.32
Timor,2008,0.32
Timor,2009,0.32
Timor,2010,0.32
Timor,2011,0.32
Timor,2012,0.32
Timor,2013,0.32
Timor,2014,0.32
Togo,1990,0.29
Togo,1991,0.29
Togo,1992,0.29
Togo,1993,0.29
Togo,1994,0.29
Togo,1995,0.29
Togo,1996,0.29
Togo,1997,0.29
Togo,1998,0.29
Togo,1999,0.29
Togo,2000,0.29
Togo,2001,0.29
Togo,2002,0.29
Togo,2003,0.29
Togo,2004,0.29
Togo,2005,0.29
Togo,2006,0.29
Togo,2007,0.29
Togo,2008,0.29
Togo,2009,0.29
Togo,2010,0.29
Togo,2011,0.29
Togo,2012,0.29
Togo,2013,0.29
Togo,2014,0.29
Trinidad and Tobago,1990,0.27
Trinidad and Tobago,1991,0.27
Trinidad and Tobago,1992,0.27
Trinidad and Tobago,1993,0.27
Trinidad and Tobago,1994,0.27
Trinidad and Tobago,1995,0.27
Trinidad and Tobago,1996,0.27
Trinidad and Tobago,1997,0.27
Trinidad and Tobago,1998,0.27
Trinidad and Tobago,1999,0.27
Trinidad and Tobago,2000,0.27
Trinidad and Tobago,2001,0.27
Trinidad and Tobago,2002,0.27
Trinidad and Tobago,2003,0.27
Trinidad and Tobago,2004,0.27
Trinidad and Tobago,2005,0.27
Trinidad and Tobago,2006,0.27
Trinidad and Tobago,2007,0.27
Trinidad and Tobago,2008,0.27
Trinidad and Tobago,2009,0.27
Trinidad and Tobago,2010,0.27
Trinidad and Tobago,2011,0.27
Trinidad and Tobago,2012,0.27
Trinidad and Tobago,2013,0.27
Trinidad and Tobago,2014,0.27
Tunisia,1990,0.22
Tunisia,1991,0.22
Tunisia,1992,0.22
Tunisia,1993,0.22
Tunisia,1994,0.22
Tunisia,1995,0.22
Tunisia,1996,0.22
Tunisia,1997,0.22
Tunisia,1998,0.22
Tunisia,1999,0.22
Tunisia,2000,0.22
Tunisia,2001,0.22
Tunisia,2002,0.22
Tunisia,2003,0.22
Tunisia,2004,0.22
Tunisia,2005,0.22
Tunisia,2006,0.22
Tunisia,2007,0.22
Tunisia,2008,0.22
Tunisia,2009,0.22
Tunisia,2010,0.22
Tunisia,2011,0.22
Tunisia,2012,0.22
Tunisia,2013,0.22
Tunisia,2014,0.22
Turkey,1990,0.26
Turkey,1991,0.26
Turkey,1992,0.26
Turkey,1993,0.26
Turkey,1994,0.26
Turkey,1995,0.26
Turkey,1996,0.26
Turkey,1997,0.26
Turkey,1998,0.26
Turkey,1999,0.26
Turkey,2000,0.26
Turkey,2001,0.26
Turkey,2002,0.27
Turkey,2003,0.27
Turkey,2004,0.27
Turkey,2005,0.26
Turkey,2006,0.24
Turkey,2007,0.23
Turkey,2008,0.23
Turkey,2009,0.23
Turkey,2010,0.23
Turkey,2011,0.23
Turkey,2012,0.23
Turkey,2013,0.23
Turkey,2014,0.23
Turkmenistan,1992,0.24
Turkmenistan,1993,0.24
Turkmenistan,1994,0.24
Turkmenistan,1995,0.24
Turkmenistan,1996,0.24
Turkmenistan,1997,0.24
Turkmenistan,1998,0.24
Turkmenistan,1999,0.24
Turkmenistan,2000,0.23
Turkmenistan,2001,0.23
Turkmenistan,2002,0.23
Turkmenistan,2003,0.23
Turkmenistan,2004,0.23
Turkmenistan,2005,0.23
Turkmenistan,2006,0.23
Turkmenistan,2007,0.24
Turkmenistan,2008,0.24
Turkmenistan,2009,0.24
Turkmenistan,2010,0.24
Turkmenistan,2011,0.24
Turkmenistan,2012,0.24
Turkmenistan,2013,0.24
Turkmenistan,2014,0.24
Uganda,1990,0.29
Uganda,1991,0.29
Uganda,1992,0.29
Uganda,1993,0.29
Uganda,1994,0.29
Uganda,1995,0.29
Uganda,1996,0.29
Uganda,1997,0.3
Uganda,1998,0.31
Uganda,1999,0.32
Uganda,2000,0.32
Uganda,2001,0.34
Uganda,2002,0.35
Uganda,2003,0.33
Uganda,2004,0.32
Uganda,2005,0.3
Uganda,2006,0.31
Uganda,2007,0.3
Uganda,2008,0.3
Uganda,2009,0.3
Uganda,2010,0.3
Uganda,2011,0.3
Uganda,2012,0.31
Uganda,2013,0.31
Uganda,2014,0.31
United Arab Emirates,1990,0.22
United Arab Emirates,1991,0.22
United Arab Emirates,1992,0.22
United Arab Emirates,1993,0.22
United Arab Emirates,1994,0.22
United Arab Emirates,1995,0.22
United Arab Emirates,1996,0.22
United Arab Emirates,1997,0.22
United Arab Emirates,1998,0.22
United Arab Emirates,1999,0.22
United Arab Emirates,2000,0.22
United Arab Emirates,2001,0.22
United Arab Emirates,2002,0.22
United Arab Emirates,2003,0.22
United Arab Emirates,2004,0.22
United Arab Emirates,2005,0.23
United Arab Emirates,2006,0.23
United Arab Emirates,2007,0.23
United Arab Emirates,2008,0.23
United Arab Emirates,2009,0.23
United Arab Emirates,2010,0.23
United Arab Emirates,2011,0.23
United Arab Emirates,2012,0.23
United Arab Emirates,2013,0.23
United Arab Emirates,2014,0.23
Uruguay,1990,0.21
Uruguay,1991,0.21
Uruguay,1992,0.21
Uruguay,1993,0.21
Uruguay,1994,0.21
Uruguay,1995,0.21
Uruguay,1996,0.21
Uruguay,1997,0.21
Uruguay,1998,0.21
Uruguay,1999,0.21
Uruguay,2000,0.21
Uruguay,2001,0.21
Uruguay,2002,0.21
Uruguay,2003,0.21
Uruguay,2004,0.21
Uruguay,2005,0.21
Uruguay,2006,0.21
Uruguay,2007,0.21
Uruguay,2008,0.21
Uruguay,2009,0.21
Uruguay,2010,0.21
Uruguay,2011,0.21
Uruguay,2012,0.21
Uruguay,2013,0.21
Uruguay,2014,0.21
Uzbekistan,1992,0.22
Uzbekistan,1993,0.22
Uzbekistan,1994,0.22
Uzbekistan,1995,0.22
Uzbekistan,1996,0.22
Uzbekistan,1997,0.22
Uzbekistan,1998,0.22
Uzbekistan,1999,0.22
Uzbekistan,2000,0.22
Uzbekistan,2001,0.22
Uzbekistan,2002,0.22
Uzbekistan,2003,0.23
Uzbekistan,2004,0.23
Uzbekistan,2005,0.23
Uzbekistan,2006,0.23
Uzbekistan,2007,0.23
Uzbekistan,2008,0.23
Uzbekistan,2009,0.23
Uzbekistan,2010,0.23
Uzbekistan,2011,0.23
Uzbekistan,2012,0.23
Uzbekistan,2013,0.23
Uzbekistan,2014,0.23
Vanuatu,1990,0.28
Vanuatu,1991,0.28
Vanuatu,1992,0.28
Vanuatu,1993,0.28
Vanuatu,1994,0.28
Vanuatu,1995,0.28
Vanuatu,1996,0.28
Vanuatu,1997,0.28
Vanuatu,1998,0.28
Vanuatu,1999,0.28
Vanuatu,2000,0.28
Vanuatu,2001,0.28
Vanuatu,2002,0.28
Vanuatu,2003,0.28
Vanuatu,2004,0.28
Vanuatu,2005,0.28
Vanuatu,2006,0.28
Vanuatu,2007,0.28
Vanuatu,2008,0.28
Vanuatu,2009,0.28
Vanuatu,2010,0.28
Vanuatu,2011,0.28
Vanuatu,2012,0.28
Vanuatu,2013,0.28
Vanuatu,2014,0.28
Venezuela,1990,0.23
Venezuela,1991,0.23
Venezuela,1992,0.23
Venezuela,1993,0.23
Venezuela,1994,0.23
Venezuela,1995,0.23
Venezuela,1996,0.23
Venezuela,1997,0.23
Venezuela,1998,0.23
Venezuela,1999,0.23
Venezuela,2000,0.23
Venezuela,2001,0.23
Venezuela,2002,0.22
Venezuela,2003,0.22
Venezuela,2004,0.21
Venezuela,2005,0.21
Venezuela,2006,0.2
Venezuela,2007,0.2
Venezuela,2008,0.2
Venezuela,2009,0.2
Venezuela,2010,0.2
Venezuela,2011,0.2
Venezuela,2012,0.2
Venezuela,2013,0.2
Venezuela,2014,0.2
Vietnam,1990,0.32
Vietnam,1991,0.32
Vietnam,1992,0.31
Vietnam,1993,0.29
Vietnam,1994,0.28
Vietnam,1995,0.27
Vietnam,1996,0.26
Vietnam,1997,0.25
Vietnam,1998,0.25
Vietnam,1999,0.25
Vietnam,2000,0.26
Vietnam,2001,0.26
Vietnam,2002,0.27
Vietnam,2003,0.27
Vietnam,2004,0.27
Vietnam,2005,0.28
Vietnam,2006,0.28
Vietnam,2007,0.28
Vietnam,2008,0.29
Vietnam,2009,0.29
Vietnam,2010,0.29
Vietnam,2011,0.29
Vietnam,2012,0.29
Vietnam,2013,0.29
Vietnam,2014,0.29
Yemen,1990,0.29
Yemen,1991,0.29
Yemen,1992,0.29
Yemen,1993,0.29
Yemen,1994,0.29
Yemen,1995,0.29
Yemen,1996,0.29
Yemen,1997,0.29
Yemen,1998,0.29
Yemen,1999,0.29
Yemen,2000,0.28
Yemen,2001,0.28
Yemen,2002,0.28
Yemen,2003,0.28
Yemen,2004,0.28
Yemen,2005,0.28
Yemen,2006,0.27
Yemen,2007,0.27
Yemen,2008,0.26
Yemen,2009,0.26
Yemen,2010,0.26
Yemen,2011,0.27
Yemen,2012,0.27
Yemen,2013,0.27
Yemen,2014,0.27
Zambia,1990,0.3
Zambia,1991,0.3
Zambia,1992,0.3
Zambia,1993,0.3
Zambia,1994,0.3
Zambia,1995,0.3
Zambia,1996,0.3
Zambia,1997,0.31
Zambia,1998,0.32
Zambia,1999,0.33
Zambia,2000,0.34
Zambia,2001,0.35
Zambia,2002,0.37
Zambia,2003,0.37
Zambia,2004,0.39
Zambia,2005,0.4
Zambia,2006,0.4
Zambia,2007,0.41
Zambia,2008,0.42
Zambia,2009,0.42
Zambia,2010,0.43
Zambia,2011,0.43
Zambia,2012,0.43
Zambia,2013,0.43
Zambia,2014,0.43
Zimbabwe,1990,0.32
Zimbabwe,1991,0.32
Zimbabwe,1992,0.32
Zimbabwe,1993,0.32
Zimbabwe,1994,0.32
Zimbabwe,1995,0.32
Zimbabwe,1996,0.32
Zimbabwe,1997,0.32
Zimbabwe,1998,0.32
Zimbabwe,1999,0.32
Zimbabwe,2000,0.31
Zimbabwe,2001,0.31
Zimbabwe,2002,0.31
Zimbabwe,2003,0.31
Zimbabwe,2004,0.31
Zimbabwe,2005,0.31
Zimbabwe,2006,0.31
Zimbabwe,2007,0.31
Zimbabwe,2008,0.31
Zimbabwe,2009,0.31
Zimbabwe,2010,0.31
Zimbabwe,2011,0.31
Zimbabwe,2012,0.31
Zimbabwe,2013,0.31
Zimbabwe,2014,0.31
