Entity,Year,Data instruments used to estimate literacy (UIS (2017)),Methodologies used for measuring literacy (UIS (2017))
Afghanistan,1979,Census,Self-reported (head of household)
Afghanistan,2011,Survey,Self-reported (individual)
Albania,2001,Census,Self-reported (head of household)
Albania,2008,Survey,Self-reported (individual)
Albania,2011,Census,Self-reported (individual)
Albania,2012,Survey,Self-reported (individual)
Algeria,1987,Census,Self-reported (head of household)
Algeria,2002,Survey,Self-reported (individual)
Algeria,2006,Survey,Self-reported (individual)
Algeria,2008,Census,Self-reported (head of household)
Andorra,2015,Indirect,Indirect estimate
Andorra,2016,Indirect,Indirect estimate
Angola,2001,Survey,Self-reported (individual)
Angola,2014,Census,Self-reported (individual)
Anguilla,1984,Census,Self-reported (head of household)
Antigua and Barbuda,2001,Census,No data
Argentina,1980,Census,Self-reported (head of household)
Argentina,1991,Census,Self-reported (head of household)
Argentina,2001,Census,Self-reported (head of household)
Argentina,2015,Census,Self-reported (head of household)
Armenia,1989,Census,Self-reported (head of household)
Armenia,2001,Census,Self-reported (head of household)
Armenia,2011,Census,Self-reported (individual)
Aruba,2000,Census,Self-reported (head of household)
Aruba,2010,Census,Self-reported (individual)
Azerbaijan,1999,Census,Self-reported (head of household)
Azerbaijan,2007,Survey,Self-reported (individual)
Azerbaijan,2009,Census,Self-reported (individual)
Azerbaijan,2010,Indirect,Indirect estimate
Azerbaijan,2011,Indirect,Indirect estimate
Azerbaijan,2012,Indirect,Indirect estimate
Azerbaijan,2013,Indirect,Indirect estimate
Azerbaijan,2014,Indirect,Indirect estimate
Bahrain,1981,Census,Self-reported (head of household)
Bahrain,1991,Census,Self-reported (head of household)
Bahrain,2001,Census,Self-reported (head of household)
Bahrain,2010,Census,Self-reported (head of household)
Bangladesh,1981,Census,Self-reported (head of household)
Bangladesh,1991,Census,Self-reported (head of household)
Bangladesh,2001,Census,Self-reported (individual)
Bangladesh,2007,Survey,Literacy test
Bangladesh,2011,Survey,Literacy test
Bangladesh,2016,Survey,Self-reported (individual)
Belarus,1989,Census,Self-reported (head of household)
Belarus,1999,Census,Self-reported (head of household)
Belarus,2009,Census,Self-reported (individual)
Belize,1991,Census,Self-reported (head of household)
Benin,1979,Census,Self-reported (head of household)
Benin,1992,Census,Self-reported (head of household)
Benin,2002,Census,Self-reported (head of household)
Benin,2006,Survey,Literacy test
Benin,2012,Survey,Literacy test
Bhutan,2005,Census,Self-reported (head of household)
Bhutan,2012,Survey,Self-reported (head of household)
Bolivia,1976,Census,Self-reported (head of household)
Bolivia,1992,Census,Self-reported (head of household)
Bolivia,2001,Census,Self-reported (head of household)
Bolivia,2007,Survey,Self-reported (individual)
Bolivia,2008,Survey,Self-reported (individual)
Bolivia,2009,Survey,Self-reported (individual)
Bolivia,2011,Survey,Self-reported (individual)
Bolivia,2012,Survey,Self-reported (individual)
Bolivia,2015,Survey,Self-reported (individual)
Bosnia and Herzegovina,2000,Survey,Self-reported (individual)
Bosnia and Herzegovina,2011,Survey,Literacy test
Bosnia and Herzegovina,2013,Census,Self-reported (individual)
Botswana,1991,Census,Self-reported (head of household)
Botswana,2003,Survey,Self-reported (individual)
Brazil,1980,Census,Self-reported (head of household)
Brazil,2000,Census,Self-reported (head of household)
Brazil,2004,Survey,Self-reported (individual)
Brazil,2006,Survey,Self-reported (individual)
Brazil,2007,Survey,Self-reported (individual)
Brazil,2008,Survey,Self-reported (individual)
Brazil,2009,Survey,Self-reported (individual)
Brazil,2010,Census,Self-reported (individual)
Brazil,2011,Survey,Self-reported (individual)
Brazil,2012,Survey,Self-reported (individual)
Brazil,2013,Survey,Self-reported (individual)
Brazil,2014,Survey,Self-reported (individual)
Brunei,1981,Census,Self-reported (head of household)
Brunei,1991,Census,Self-reported (head of household)
Brunei,2001,Census,Self-reported (head of household)
Brunei,2011,Census,Self-reported (individual)
Bulgaria,2001,Census,Self-reported (head of household)
Bulgaria,2011,Census,Self-reported (individual)
Burkina Faso,1975,Census,Self-reported (head of household)
Burkina Faso,1991,Census,Self-reported (head of household)
Burkina Faso,1996,Census,Self-reported (head of household)
Burkina Faso,2003,Survey,Self-reported (individual)
Burkina Faso,2005,Survey,Self-reported (individual)
Burkina Faso,2007,Survey,Self-reported (individual)
Burkina Faso,2014,Survey,No data
Burundi,1979,Census,Self-reported (head of household)
Burundi,1990,Census,Self-reported (head of household)
Burundi,2000,Survey,Self-reported (individual)
Burundi,2008,Census,Self-reported (head of household)
Cambodia,1998,Census,No data
Cambodia,2004,Survey,Self-reported (individual)
Cambodia,2008,Census,Self-reported (individual)
Cambodia,2009,Survey,Self-reported (individual)
Cameroon,1976,Census,Self-reported (head of household)
Cameroon,2000,Survey,Self-reported (individual)
Cameroon,2007,Survey,Self-reported (head of household)
Cameroon,2010,Survey,Self-reported (head of household)
Cape Verde,1990,Census,Self-reported (head of household)
Cape Verde,2004,Census,Self-reported (head of household)
Cape Verde,2012,Survey,Self-reported (head of household)
Cayman Islands,2007,Survey,Self-reported (individual)
Central African Republic,1975,Census,Self-reported (head of household)
Central African Republic,1988,Census,Self-reported (head of household)
Central African Republic,2000,Survey,Self-reported (individual)
Central African Republic,2010,Survey,Literacy test
Chad,1993,Census,Self-reported (head of household)
Chad,2000,Survey,Self-reported (individual)
Chad,2004,Survey,Self-reported (individual)
Chad,2014,Survey,Self-reported (individual)
Chad,2015,Survey,Literacy test
Chad,2016,Census,Literacy test
Chile,1982,Census,Self-reported (head of household)
Chile,1992,Census,Self-reported (head of household)
Chile,2002,Census,Self-reported (head of household)
Chile,2008,Survey,No data
Chile,2009,Survey,Self-reported (head of household)
Chile,2011,Survey,Self-reported (individual)
Chile,2013,Survey,Self-reported (individual)
China,1982,Census,Self-reported (head of household)
China,1990,Census,Self-reported (head of household)
China,2000,Census,Self-reported (head of household)
China,2010,Census,Self-reported (head of household)
Colombia,1993,Census,Self-reported (head of household)
Colombia,1996,Survey,Self-reported (individual)
Colombia,2004,Survey,Self-reported (individual)
Colombia,2005,Survey,Self-reported (individual)
Colombia,2006,Survey,Self-reported (individual)
Colombia,2007,Survey,Self-reported (individual)
Colombia,2008,Survey,Self-reported (individual)
Colombia,2009,Survey,Self-reported (individual)
Colombia,2010,Survey,Self-reported (individual)
Colombia,2011,Survey,Self-reported (individual)
Colombia,2013,Survey,Self-reported (individual)
Colombia,2014,Survey,Self-reported (individual)
Colombia,2015,Survey,Self-reported (individual)
Comoros,1980,Census,Self-reported (head of household)
Comoros,2000,Survey,Self-reported (individual)
Comoros,2012,Survey,Literacy test
Congo,2011,Survey,Literacy test
Costa Rica,1984,Census,Self-reported (head of household)
Costa Rica,2000,Census,Self-reported (head of household)
Costa Rica,2011,Census,Self-reported (individual)
Cote d'Ivoire,1988,Census,Self-reported (head of household)
Cote d'Ivoire,1998,Census,Self-reported (head of household)
Cote d'Ivoire,2000,Survey,Self-reported (individual)
Cote d'Ivoire,2012,Survey,Literacy test
Cote d'Ivoire,2014,Census,Self-reported (individual)
Croatia,1991,Census,Self-reported (head of household)
Croatia,2001,Census,Self-reported (head of household)
Croatia,2011,Census,Self-reported (individual)
Cuba,1981,Census,Self-reported (head of household)
Cuba,2002,Census,Self-reported (head of household)
Cuba,2012,Census,Self-reported (individual)
Cyprus,1992,Census,Self-reported (head of household)
Cyprus,2001,Census,Self-reported (head of household)
Cyprus,2011,Census,Self-reported (head of household)
Democratic Republic of Congo,2001,Survey,Self-reported (individual)
Democratic Republic of Congo,2007,Survey,Literacy test
Democratic Republic of Congo,2012,Survey,Literacy test
Democratic Republic of Congo,2016,Survey,Self-reported (individual)
Dominican Republic,1981,Census,Self-reported (head of household)
Dominican Republic,2002,Census,Self-reported (head of household)
Dominican Republic,2007,Survey,Self-reported (individual)
Dominican Republic,2010,Survey,Self-reported (individual)
Dominican Republic,2011,Survey,Self-reported (individual)
Dominican Republic,2012,Survey,Self-reported (individual)
Dominican Republic,2013,Survey,Self-reported (individual)
Dominican Republic,2014,Survey,Self-reported (individual)
Dominican Republic,2015,Survey,Self-reported (individual)
Ecuador,1982,Census,Self-reported (head of household)
Ecuador,1990,Census,Self-reported (head of household)
Ecuador,2001,Census,Self-reported (head of household)
Ecuador,2007,Survey,Self-reported (head of household)
Ecuador,2009,Survey,Self-reported (individual)
Ecuador,2010,Survey,Self-reported (individual)
Ecuador,2011,Survey,Self-reported (individual)
Ecuador,2012,Survey,Self-reported (individual)
Ecuador,2013,Survey,Self-reported (individual)
Ecuador,2014,Survey,Self-reported (individual)
Ecuador,2015,Survey,Self-reported (individual)
Ecuador,2016,Survey,Self-reported (individual)
Egypt,1976,Census,Self-reported (head of household)
Egypt,1986,Census,Self-reported (head of household)
Egypt,1996,Census,Self-reported (head of household)
Egypt,2005,Survey,Self-reported (head of household)
Egypt,2006,Census,Self-reported (individual)
Egypt,2010,Survey,Self-reported (individual)
Egypt,2012,Survey,Self-reported (individual)
Egypt,2013,Survey,Literacy test
El Salvador,1992,Census,Self-reported (head of household)
El Salvador,2004,Census,Self-reported (head of household)
El Salvador,2006,Survey,Self-reported (head of household)
El Salvador,2007,Census,Self-reported (individual)
El Salvador,2008,Survey,Self-reported (head of household)
El Salvador,2009,Survey,Self-reported (head of household)
El Salvador,2010,Survey,Self-reported (head of household)
El Salvador,2011,Survey,Self-reported (head of household)
El Salvador,2013,Survey,Self-reported (head of household)
El Salvador,2015,Survey,Self-reported (head of household)
Equatorial Guinea,2000,Survey,Self-reported (individual)
Equatorial Guinea,2014,Survey,Self-reported (individual)
Eritrea,2002,Survey,Self-reported (head of household)
Eritrea,2008,Survey,Literacy test
Estonia,1989,Census,Self-reported (head of household)
Estonia,2000,Census,Self-reported (head of household)
Estonia,2011,Census,Self-reported (head of household)
Ethiopia,1994,Census,Self-reported (head of household)
Ethiopia,2004,Survey,Self-reported (individual)
Ethiopia,2005,Survey,Self-reported (individual)
Ethiopia,2007,Census,Self-reported (individual)
French Guiana,1982,Census,Self-reported (head of household)
Gabon,1993,Census,Self-reported (head of household)
Gabon,2012,Survey,Literacy test
Gambia,2000,Survey,Self-reported (individual)
Gambia,2013,Survey,Literacy test
Georgia,2002,Census,Self-reported (head of household)
Georgia,2014,Census,Self-reported (individual)
Ghana,2000,Census,Self-reported (head of household)
Ghana,2010,Census,Self-reported (individual)
Greece,1981,Census,Self-reported (head of household)
Greece,1991,Census,Self-reported (head of household)
Greece,2001,Census,Self-reported (head of household)
Greece,2007,Survey,Self-reported (head of household)
Greece,2009,Survey,Self-reported (head of household)
Greece,2011,Census,Self-reported (individual)
Greenland,2015,Survey,Self-reported (individual)
Guadeloupe,1982,Census,Self-reported (head of household)
Guam,1980,Census,Self-reported (head of household)
Guatemala,1994,Census,Self-reported (head of household)
Guatemala,2002,Census,Self-reported (head of household)
Guatemala,2012,Survey,Self-reported (individual)
Guatemala,2013,Survey,Self-reported (individual)
Guatemala,2014,Survey,Self-reported (individual)
Guinea,1996,Census,Self-reported (individual)
Guinea,2003,Survey,Self-reported (individual)
Guinea,2010,Census,Self-reported (head of household)
Guinea,2014,Census,Self-reported (head of household)
Guinea-Bissau,1979,Census,Self-reported (head of household)
Guinea-Bissau,2000,Survey,Self-reported (head of household)
Guinea-Bissau,2014,Survey,Literacy test
Guyana,2009,Survey,Literacy test
Guyana,2014,Survey,Literacy test
Haiti,1982,Census,Self-reported (head of household)
Haiti,2003,Census,Self-reported (individual)
Haiti,2006,Survey,Literacy test
Honduras,2001,Census,Self-reported (head of household)
Honduras,2007,Survey,Self-reported (individual)
Honduras,2010,Survey,Self-reported (individual)
Honduras,2011,Survey,Self-reported (individual)
Honduras,2013,Survey,Self-reported (individual)
Honduras,2014,Survey,Self-reported (individual)
Honduras,2015,Survey,Self-reported (individual)
Honduras,2016,Survey,Self-reported (individual)
Hungary,1980,Census,Self-reported (head of household)
India,1981,Census,Self-reported (head of household)
India,1991,Census,Self-reported (head of household)
India,2001,Census,Self-reported (head of household)
India,2006,Survey,Self-reported (individual)
India,2011,Census,Self-reported (head of household)
Indonesia,1980,Census,Self-reported (head of household)
Indonesia,1990,Census,Self-reported (head of household)
Indonesia,2004,Survey,Self-reported (individual)
Indonesia,2006,Survey,Self-reported (head of household)
Indonesia,2008,Survey,Self-reported (individual)
Indonesia,2009,Survey,Self-reported (individual)
Indonesia,2011,Survey,Self-reported (individual)
Indonesia,2014,Survey,Self-reported (individual)
Indonesia,2015,Survey,Self-reported (individual)
Indonesia,2016,Survey,Self-reported (individual)
Iran,1976,Census,Self-reported (head of household)
Iran,1986,Census,Self-reported (head of household)
Iran,1991,Survey,Self-reported (individual)
Iran,1996,Census,Self-reported (head of household)
Iran,2002,Survey,Self-reported (individual)
Iran,2005,Survey,Self-reported (individual)
Iran,2006,Survey,Self-reported (individual)
Iran,2008,Survey,Self-reported (individual)
Iran,2012,Survey,Self-reported (individual)
Iran,2013,Survey,Self-reported (individual)
Iran,2014,Survey,Self-reported (individual)
Iraq,2000,Survey,Self-reported (individual)
Iraq,2013,Survey,Self-reported (individual)
Israel,1983,Census,Self-reported (head of household)
Italy,1981,Census,Self-reported (head of household)
Italy,2001,Census,Self-reported (head of household)
Italy,2011,Census,Self-reported (individual)
Jamaica,1999,Survey,Self-reported (individual)
Jordan,1979,Census,Self-reported (head of household)
Jordan,2003,Survey,Self-reported (individual)
Jordan,2005,Survey,No data
Jordan,2007,Survey,Self-reported (individual)
Jordan,2010,Survey,No data
Jordan,2011,Survey,Literacy test
Jordan,2012,Survey,Literacy test
Kazakhstan,1989,Census,Self-reported (head of household)
Kazakhstan,1999,Census,No data
Kazakhstan,2009,Census,Self-reported (individual)
Kenya,2000,Survey,Self-reported (individual)
Kenya,2007,Survey,Literacy test
Kenya,2014,Survey,Literacy test
Kuwait,1975,Census,Self-reported (head of household)
Kuwait,1980,Census,Self-reported (head of household)
Kuwait,1985,Census,Self-reported (head of household)
Kuwait,1995,Census,Self-reported (head of household)
Kuwait,2005,Census,Self-reported (head of household)
Kuwait,2006,Survey,No data
Kuwait,2007,Survey,No data
Kuwait,2008,Census,Self-reported (head of household)
Kuwait,2012,Survey,No data
Kuwait,2013,Census,No data
Kyrgyzstan,1999,Census,Self-reported (head of household)
Kyrgyzstan,2009,Census,Self-reported (individual)
Laos,1995,Census,Self-reported (head of household)
Laos,2000,Survey,Self-reported (individual)
Laos,2001,Survey,Self-reported (individual)
Laos,2005,Census,Self-reported (individual)
Laos,2011,Survey,Literacy test
Latvia,1989,Census,Self-reported (head of household)
Latvia,2000,Census,Self-reported (head of household)
Latvia,2011,Census,Self-reported (individual)
Lebanon,2007,Survey,Self-reported (individual)
Lebanon,2009,Survey,Self-reported (individual)
Lesotho,2000,Survey,Self-reported (individual)
Lesotho,2009,Survey,Literacy test
Lesotho,2014,Survey,Literacy test
Liberia,1984,Census,Self-reported (head of household)
Liberia,2007,Survey,Literacy test
Libya,1984,Census,Self-reported (head of household)
Lithuania,1989,Census,Self-reported (head of household)
Lithuania,2001,Census,Self-reported (head of household)
Lithuania,2011,Census,Self-reported (individual)
Macao,1981,Census,Self-reported (head of household)
Macao,2001,Census,Self-reported (head of household)
Macao,2006,Survey,Self-reported (individual)
Macao,2011,Census,Self-reported (individual)
Macedonia,1994,Census,Self-reported (head of household)
Macedonia,2002,Census,Self-reported (head of household)
Madagascar,2000,Survey,Self-reported (individual)
Madagascar,2009,Survey,Literacy test
Madagascar,2012,Census,Self-reported (head of household)
Malawi,1987,Census,Self-reported (head of household)
Malawi,1998,Census,Self-reported (head of household)
Malawi,2010,Survey,Literacy test
Malawi,2014,Survey,Literacy test
Malawi,2015,Survey,Literacy test
Malaysia,1980,Census,Self-reported (head of household)
Malaysia,1991,Census,Self-reported (head of household)
Malaysia,2000,Census,Self-reported (head of household)
Malaysia,2010,Survey,Self-reported (individual)
Maldives,1977,Census,Self-reported (head of household)
Maldives,1985,Census,Self-reported (head of household)
Maldives,1990,Census,Self-reported (head of household)
Maldives,1995,Census,Self-reported (head of household)
Maldives,2000,Census,Self-reported (head of household)
Maldives,2006,Census,Self-reported (individual)
Maldives,2014,Census,Self-reported (individual)
Mali,1976,Census,Self-reported (head of household)
Mali,1998,Census,Self-reported (head of household)
Mali,2003,Survey,Self-reported (individual)
Mali,2006,Survey,Self-reported (head of household)
Mali,2010,Survey,Self-reported (individual)
Mali,2011,Survey,Self-reported (head of household)
Mali,2015,Survey,Self-reported (individual)
Malta,1985,Census,Self-reported (head of household)
Malta,1995,Census,Self-reported (head of household)
Malta,2005,Census,Self-reported (individual)
Malta,2011,Census,Self-reported (individual)
Marshall Islands,2011,Census,Self-reported (head of household)
Martinique,1982,Census,Self-reported (head of household)
Mauritania,2000,Census,Self-reported (head of household)
Mauritania,2007,Survey,Literacy test
Mauritius,1990,Census,Self-reported (head of household)
Mauritius,2000,Census,Self-reported (head of household)
Mauritius,2011,Census,Self-reported (individual)
Mauritius,2012,Survey,Self-reported (individual)
Mauritius,2013,Survey,Self-reported (individual)
Mexico,1980,Census,Self-reported (head of household)
Mexico,1990,Census,Self-reported (head of household)
Mexico,2000,Census,Self-reported (head of household)
Mexico,2002,Survey,Self-reported (individual)
Mexico,2004,Survey,Self-reported (individual)
Mexico,2005,Census,Self-reported (individual)
Mexico,2006,Survey,Self-reported (individual)
Mexico,2007,Survey,Self-reported (individual)
Mexico,2008,Survey,Self-reported (individual)
Mexico,2009,Survey,Self-reported (individual)
Mexico,2010,Census,Self-reported (individual)
Mexico,2011,Indirect,Indirect estimate
Mexico,2012,Survey,Self-reported (individual)
Mexico,2013,Indirect,Indirect estimate
Mexico,2014,Indirect,Indirect estimate
Mexico,2015,Survey,Self-reported (individual)
Moldova,1989,Census,Self-reported (head of household)
Moldova,2000,Survey,Self-reported (individual)
Mongolia,2000,Census,Self-reported (head of household)
Mongolia,2010,Census,Self-reported (head of household)
Montenegro,2011,Census,Self-reported (individual)
Morocco,1982,Census,Self-reported (head of household)
Morocco,1994,Census,Self-reported (head of household)
Morocco,2004,Census,Self-reported (head of household)
Morocco,2008,Survey,Self-reported (head of household)
Morocco,2009,Survey,Self-reported (head of household)
Morocco,2011,Survey,Self-reported (individual)
Morocco,2012,Survey,Self-reported (individual)
Mozambique,1980,Census,Self-reported (head of household)
Mozambique,1997,Census,Self-reported (head of household)
Mozambique,2003,Survey,Self-reported (individual)
Mozambique,2009,Survey,Self-reported (individual)
Myanmar,1983,Census,Self-reported (head of household)
Myanmar,2016,Survey,Literacy test
Namibia,1991,Census,Self-reported (head of household)
Namibia,2001,Census,Self-reported (head of household)
Namibia,2007,Survey,Literacy test
Namibia,2011,Census,Self-reported (individual)
Nepal,1981,Census,Self-reported (head of household)
Nepal,1991,Census,Self-reported (head of household)
Nepal,2001,Census,Self-reported (head of household)
Nepal,2011,Census,Self-reported (head of household)
Netherlands Antilles,1992,Census,Self-reported (head of household)
New Caledonia,1976,Census,Self-reported (head of household)
New Caledonia,1989,Census,Self-reported (head of household)
New Caledonia,1996,Census,Self-reported (head of household)
Nicaragua,2001,Survey,Self-reported (individual)
Nicaragua,2005,Census,Self-reported (individual)
Niger,2001,Census,Self-reported (individual)
Niger,2005,Survey,Self-reported (individual)
Niger,2008,Survey,Self-reported (head of household)
Niger,2012,Survey,Literacy test
Nigeria,1991,Census,Self-reported (head of household)
Nigeria,2003,Survey,Self-reported (individual)
Nigeria,2008,Survey,Literacy test
North Korea,2008,Census,Self-reported (individual)
Oman,2003,Census,Self-reported (head of household)
Oman,2008,Survey,Self-reported (individual)
Oman,2010,Census,Literacy test
Oman,2014,Indirect,Indirect estimate
Pakistan,1981,Census,Self-reported (head of household)
Pakistan,1998,Census,Self-reported (head of household)
Pakistan,2005,Survey,Self-reported (individual)
Pakistan,2006,Survey,Self-reported (head of household)
Pakistan,2008,Survey,Self-reported (head of household)
Pakistan,2009,Survey,Self-reported (head of household)
Pakistan,2010,Survey,Self-reported (head of household)
Pakistan,2011,Survey,Self-reported (head of household)
Pakistan,2012,Survey,Self-reported (head of household)
Pakistan,2013,Survey,Self-reported (head of household)
Pakistan,2014,Survey,Self-reported (head of household)
Palau,1980,Census,Self-reported (head of household)
Palau,2013,Census,Self-reported (head of household)
Palau,2015,Census,Self-reported (individual)
Palestine,1997,Census,Self-reported (head of household)
Palestine,2004,Survey,Self-reported (individual)
Palestine,2006,Survey,Self-reported (individual)
Palestine,2007,Survey,Self-reported (individual)
Palestine,2008,Survey,Self-reported (individual)
Palestine,2009,Survey,Self-reported (individual)
Palestine,2010,Survey,Self-reported (individual)
Palestine,2011,Survey,Self-reported (individual)
Palestine,2012,Survey,Self-reported (individual)
Palestine,2013,Survey,Self-reported (individual)
Palestine,2014,Survey,Self-reported (individual)
Panama,1980,Census,Self-reported (head of household)
Panama,1990,Census,Self-reported (head of household)
Panama,2000,Census,Self-reported (head of household)
Panama,2010,Survey,Self-reported (individual)
Papua New Guinea,2000,Census,Self-reported (head of household)
Paraguay,1982,Census,Self-reported (head of household)
Paraguay,1992,Census,Self-reported (head of household)
Paraguay,2007,Survey,Self-reported (individual)
Paraguay,2008,Survey,Self-reported (individual)
Paraguay,2009,Survey,Self-reported (individual)
Paraguay,2010,Survey,Self-reported (head of household)
Paraguay,2014,Survey,Self-reported (individual)
Paraguay,2015,Survey,Self-reported (individual)
Peru,1981,Census,Self-reported (head of household)
Peru,1993,Census,Self-reported (head of household)
Peru,2004,Survey,Self-reported (individual)
Peru,2005,Survey,Self-reported (individual)
Peru,2006,Survey,Self-reported (head of household)
Peru,2007,Survey,Self-reported (head of household)
Peru,2012,Survey,No data
Peru,2014,Survey,Literacy test
Peru,2015,Survey,Self-reported (individual)
Peru,2016,Survey,Self-reported (individual)
Philippines,1980,Census,Self-reported (head of household)
Philippines,1990,Census,Self-reported (head of household)
Philippines,2000,Census,Self-reported (head of household)
Philippines,2003,Survey,Self-reported (head of household)
Philippines,2008,Survey,Self-reported (head of household)
Philippines,2013,Survey,Self-reported (head of household)
Poland,1978,Census,Self-reported (head of household)
Portugal,1981,Census,Self-reported (head of household)
Portugal,1991,Census,Self-reported (head of household)
Portugal,2011,Census,Self-reported (individual)
Puerto Rico,1980,Census,Self-reported (head of household)
Puerto Rico,1990,Census,Self-reported (head of household)
Puerto Rico,2010,Survey,Self-reported (individual)
Qatar,1986,Census,Self-reported (head of household)
Qatar,1997,Census,Self-reported (head of household)
Qatar,2004,Census,No data
Qatar,2008,Survey,Self-reported (head of household)
Qatar,2009,Survey,Self-reported (head of household)
Qatar,2010,Census,Self-reported (individual)
Qatar,2011,Survey,Self-reported (head of household)
Qatar,2012,Survey,Self-reported (head of household)
Qatar,2013,Survey,Self-reported (head of household)
Qatar,2014,Survey,Self-reported (head of household)
Reunion,1982,Census,Self-reported (head of household)
Romania,1992,Census,Self-reported (head of household)
Romania,2002,Census,Self-reported (head of household)
Romania,2011,Census,Self-reported (individual)
Russia,1989,Census,Self-reported (head of household)
Russia,2002,Census,Self-reported (head of household)
Russia,2010,Census,Self-reported (individual)
Rwanda,1978,Census,Self-reported (head of household)
Rwanda,1991,Census,Self-reported (head of household)
Rwanda,2000,Survey,Self-reported (individual)
Rwanda,2010,Survey,Literacy test
Rwanda,2012,Census,Self-reported (individual)
Samoa,1991,Census,Self-reported (head of household)
Samoa,2011,Census,Self-reported (individual)
Sao Tome and Principe,1981,Census,Self-reported (head of household)
Sao Tome and Principe,1991,Census,Self-reported (head of household)
Sao Tome and Principe,2001,Census,Self-reported (head of household)
Sao Tome and Principe,2008,Survey,Literacy test
Sao Tome and Principe,2012,Census,Self-reported (head of household)
Saudi Arabia,1992,Census,Self-reported (head of household)
Saudi Arabia,2000,Survey,Self-reported (individual)
Saudi Arabia,2004,Census,Self-reported (individual)
Saudi Arabia,2013,Survey,Self-reported (individual)
Senegal,1988,Census,Self-reported (head of household)
Senegal,2002,Survey,Self-reported (individual)
Senegal,2006,Survey,Self-reported (individual)
Senegal,2009,Survey,Self-reported (individual)
Senegal,2011,Survey,Self-reported (individual)
Senegal,2013,Census,Self-reported (individual)
Serbia,2011,Census,Self-reported (individual)
Serbia,2016,Census,Self-reported (individual)
Serbia and Montenegro,1991,Census,Self-reported (head of household)
Serbia and Montenegro,2002,Census,Self-reported (head of household)
Seychelles,1987,Census,Self-reported (head of household)
Seychelles,1994,Census,Self-reported (head of household)
Seychelles,2002,Census,Self-reported (head of household)
Seychelles,2010,Census,Self-reported (head of household)
Sierra Leone,2004,Census,Self-reported (head of household)
Sierra Leone,2013,Survey,Literacy test
Singapore,1980,Census,Self-reported (head of household)
Singapore,1990,Census,Self-reported (head of household)
Singapore,2000,Census,Self-reported (head of household)
Singapore,2010,Census,Self-reported (head of household)
Singapore,2011,Indirect,Indirect estimate
Singapore,2012,Indirect,Indirect estimate
Singapore,2013,Indirect,Indirect estimate
Singapore,2014,Indirect,Indirect estimate
Slovenia,1991,Census,Self-reported (head of household)
South Africa,1980,Census,Self-reported (head of household)
South Africa,1996,Census,Self-reported (head of household)
South Africa,2007,Survey,Self-reported (individual)
South Africa,2009,Survey,Self-reported (head of household)
South Africa,2010,Survey,Self-reported (head of household)
South Africa,2011,Survey,Self-reported (head of household)
South Africa,2012,Survey,Self-reported (head of household)
South Africa,2014,Survey,Self-reported (head of household)
South Africa,2015,Survey,Self-reported (head of household)
South Korea,2008,Survey,Literacy test
South Sudan,2008,Census,Self-reported (head of household)
Spain,1981,Census,Self-reported (head of household)
Spain,1991,Census,Self-reported (head of household)
Spain,2007,Survey,Self-reported (individual)
Spain,2008,Survey,Self-reported (individual)
Spain,2009,Survey,Self-reported (individual)
Spain,2010,Survey,Self-reported (individual)
Spain,2011,Survey,Self-reported (individual)
Spain,2012,Survey,Self-reported (individual)
Spain,2013,Survey,Self-reported (individual)
Spain,2014,Survey,Self-reported (individual)
Spain,2015,Survey,Self-reported (individual)
Spain,2016,Survey,Self-reported (individual)
Sri Lanka,1981,Census,Self-reported (head of household)
Sri Lanka,2001,Census,Self-reported (head of household)
Sri Lanka,2006,Survey,Self-reported (individual)
Sri Lanka,2008,Survey,Self-reported (individual)
Sri Lanka,2010,Survey,Self-reported (individual)
Sudan,2000,Survey,Self-reported (individual)
Sudan,2008,Census,Self-reported (individual)
Suriname,2004,Census,Self-reported (head of household)
Suriname,2008,Survey,Self-reported (head of household)
Suriname,2010,Survey,No data
Swaziland,1976,Census,Self-reported (head of household)
Swaziland,1986,Census,Self-reported (head of household)
Swaziland,2000,Survey,Self-reported (individual)
Swaziland,2010,Survey,Literacy test
Syria,1981,Census,Self-reported (head of household)
Syria,2002,Survey,Self-reported (individual)
Syria,2004,Census,Self-reported (head of household)
Tajikistan,1989,Census,Self-reported (head of household)
Tajikistan,2000,Census,Self-reported (head of household)
Tanzania,1988,Census,Self-reported (head of household)
Tanzania,2002,Census,Self-reported (head of household)
Tanzania,2010,Survey,Literacy test
Tanzania,2012,Census,Self-reported (head of household)
Tanzania,2015,Census,Self-reported (individual)
Thailand,1980,Census,Self-reported (head of household)
Thailand,2000,Census,Self-reported (head of household)
Thailand,2005,Survey,Self-reported (individual)
Thailand,2010,Census,Self-reported (individual)
Thailand,2013,Survey,Self-reported (individual)
Thailand,2015,Survey,Self-reported (individual)
Timor,2001,Survey,Self-reported (individual)
Timor,2007,Survey,Self-reported (individual)
Timor,2010,Census,Self-reported (individual)
Togo,2000,Survey,Self-reported (individual)
Togo,2006,Survey,No data
Togo,2009,Survey,Self-reported (individual)
Togo,2011,Survey,Self-reported (individual)
Togo,2015,Survey,Self-reported (individual)
Tonga,1976,Census,Self-reported (head of household)
Tonga,1996,Census,Self-reported (head of household)
Tonga,2006,Census,Self-reported (head of household)
Tonga,2011,Census,Self-reported (head of household)
Trinidad and Tobago,1980,Census,Self-reported (head of household)
Trinidad and Tobago,1990,Census,Self-reported (head of household)
Tunisia,1984,Census,Self-reported (head of household)
Tunisia,2004,Census,Self-reported (head of household)
Tunisia,2008,Survey,Self-reported (individual)
Tunisia,2010,Survey,Self-reported (individual)
Tunisia,2011,Survey,Self-reported (individual)
Tunisia,2012,Survey,Self-reported (individual)
Tunisia,2014,Census,Self-reported (individual)
Turkey,1975,Census,Self-reported (head of household)
Turkey,1980,Census,Self-reported (head of household)
Turkey,1985,Census,Self-reported (head of household)
Turkey,1990,Census,Self-reported (head of household)
Turkey,2004,Survey,Self-reported (individual)
Turkey,2005,Survey,Self-reported (individual)
Turkey,2006,Survey,Self-reported (individual)
Turkey,2007,Survey,Self-reported (individual)
Turkey,2009,Census,Self-reported (individual)
Turkey,2010,Survey,Self-reported (individual)
Turkey,2011,Survey,Self-reported (individual)
Turkey,2012,Census,Indirect estimate
Turkey,2013,Census,Indirect estimate
Turkey,2014,Census,Indirect estimate
Turkmenistan,1995,Census,Self-reported (head of household)
Uganda,1991,Census,Self-reported (head of household)
Uganda,2002,Census,Self-reported (head of household)
Uganda,2006,Survey,Self-reported (head of household)
Uganda,2010,Survey,Self-reported (head of household)
Uganda,2012,Survey,Self-reported (head of household)
Ukraine,2001,Census,Self-reported (head of household)
Ukraine,2012,Survey,Literacy test
United Arab Emirates,1975,Census,Self-reported (head of household)
United Arab Emirates,1985,Census,Self-reported (head of household)
United Arab Emirates,2005,Survey,Self-reported (head of household)
Uruguay,1975,Census,Self-reported (head of household)
Uruguay,1985,Census,Self-reported (head of household)
Uruguay,1996,Census,No data
Uruguay,2006,Survey,Self-reported (head of household)
Uruguay,2007,Survey,Self-reported (individual)
Uruguay,2008,Survey,Self-reported (individual)
Uruguay,2009,Survey,Self-reported (individual)
Uruguay,2010,Survey,Self-reported (individual)
Uruguay,2011,Survey,Self-reported (individual)
Uruguay,2012,Survey,Self-reported (individual)
Uruguay,2013,Survey,Self-reported (individual)
Uruguay,2014,Survey,Self-reported (individual)
Uruguay,2015,Survey,Self-reported (individual)
Uzbekistan,2000,Survey,Self-reported (individual)
Uzbekistan,2013,Survey,Literacy test
Uzbekistan,2014,Survey,Literacy test
Vanuatu,1979,Census,Self-reported (head of household)
Venezuela,1981,Census,Self-reported (head of household)
Venezuela,1990,Census,Self-reported (head of household)
Venezuela,2001,Census,Self-reported (head of household)
Venezuela,2007,Survey,Self-reported (individual)
Venezuela,2009,Survey,Self-reported (head of household)
Venezuela,2011,Census,Self-reported (individual)
Venezuela,2015,Survey,Self-reported (individual)
Venezuela,2016,Survey,Self-reported (individual)
Vietnam,1979,Census,Self-reported (head of household)
Vietnam,1989,Census,Self-reported (head of household)
Vietnam,1999,Census,Self-reported (head of household)
Vietnam,2000,Survey,Self-reported (individual)
Vietnam,2009,Census,Self-reported (head of household)
Yemen,1994,Census,Self-reported (head of household)
Zambia,1990,Census,Self-reported (head of household)
Zambia,1999,Survey,Self-reported (individual)
Zambia,2002,Survey,Self-reported (head of household)
Zambia,2007,Survey,Literacy test
Zambia,2010,Census,Self-reported (individual)
Zimbabwe,1982,Census,Self-reported (head of household)
Zimbabwe,1992,Census,Self-reported (head of household)
Zimbabwe,2011,Survey,Literacy test
Zimbabwe,2014,Survey,Literacy test
